data/nocaps/images/90ed7d97a19c3666.jpg	The pink golf cart has the words "Pretty Little Golf Cart" on it.
data/nocaps/images/302533cc3d179018.jpg	Two women smiling while parasailing in the sky.
data/nocaps/images/1df42bba81229d7d.jpg	A woman exercising on an elliptical at the gym.
data/nocaps/images/e78db8c474e6faf1.jpg	a gnome is standing on the floor near a flowerpot
data/nocaps/images/550c59a04a37d4d7.jpg	a Christmas display of buildings with lights in the windows.
data/nocaps/images/ccbbb3175f571466.jpg	A man is sitting at a table drinking a drink.
data/nocaps/images/46500444b39f1d36.jpg	A bowl is sitting on a plate with some food in it and a fork is on a napkin beside the bowl.
data/nocaps/images/29def08271143710.jpg	A juke box is next to some tables and chairs.
data/nocaps/images/45c5db396573df4c.jpg	A large monkey sitting on a tree branch looking down.
data/nocaps/images/1ec09605382cdc53.jpg	Two women are playing volleyball on the beach in front of the olympic rings.
data/nocaps/images/ce696a0b196b8e36.jpg	A person on a dirt bike is airborne while riding.
data/nocaps/images/5a4ba521db5b6564.jpg	4 men are talking next to a bunch of equipment.
data/nocaps/images/1b4dc1c0cc436c11.jpg	A man in a purple shirt standing beside a grey sports car.
data/nocaps/images/05dd411f3034ab49.jpg	A girl in a pink hat is on a horse being walked by a woman.
data/nocaps/images/721090b5917ae98b.jpg	two women are standing in front of the window and one of them is touching a computer screen
data/nocaps/images/cfa5389b9eeba8f1.jpg	The fridge is there wit h the door on it now.
data/nocaps/images/1605c0da8f6ca946.jpg	Several people in red helmets in a blue raft.
data/nocaps/images/f30596465944f8d8.jpg	A woman with her hair in an up do wearing a wedding dress and veil.
data/nocaps/images/ccd1baf21b64d13a.jpg	Two hands with fancy nail polish grip a glass of wine.
data/nocaps/images/7a5bff1db55e0f8a.jpg	A small white bowl with red designs on it.
data/nocaps/images/448a11c4a72c2dda.jpg	A man wearing a white shirt and a black tie.
data/nocaps/images/00385794700c832e.jpg	Bunches of parsley are on display above some carrots.
data/nocaps/images/84c3ad460ced2ad9.jpg	This dessert is cake served with cherry and ice cream.
data/nocaps/images/4182c9971171ca1e.jpg	A pile of dead shrimp adorn an ornate plate.
data/nocaps/images/da63edd808035c0c.jpg	A bowl of pink dairy product with chunks of fruit in it.
data/nocaps/images/d96609dcb5d94621.jpg	A coffee table in front of furnace that has tea kettles on it.
data/nocaps/images/7db24634d94dfff1.jpg	A man wearing a gray hat, black coat, jeans and red shoes sitting beside a black small car.
data/nocaps/images/175a0d92de107b8d.jpg	Several men in formal attire idle in a office lobby.
data/nocaps/images/6a6881aefff9ad58.jpg	A person is sitting at a table eating food.
data/nocaps/images/2a83984905b02742.jpg	A young couple holding their baby on the beach.
data/nocaps/images/63fe0b7d26a54f7e.jpg	Baseball catcher wearing catcher clothing looks straight ahead while another baseball player in uniform runs.
data/nocaps/images/09e094375efab7fe.jpg	A couple of older women seated next to each other.
data/nocaps/images/9fbcea57c04cad15.jpg	Two glasses with a beverage in them on a counter.
data/nocaps/images/ea55729b9e0677ea.jpg	a baseball player is standing holding his glove
data/nocaps/images/3264cb227a07af3f.jpg	man posing next to a skatboard while laying on the ground
data/nocaps/images/be9d62c9b020fa6b.jpg	Porcupine walking in the grass in the middle of forest
data/nocaps/images/b4bc979ce1af93b4.jpg	Five men with a hand on the shoulder of the person in front of them carrying guns.
data/nocaps/images/54d59d833b03469d.jpg	Two large black seals rest on a rock in the ocean¬
data/nocaps/images/1782dce735b551c4.jpg	A ladybug on top of another ladybug on a leaf.
data/nocaps/images/e3338cdb2d22d30a.jpg	An office quality printer,copier,scanner,fax machine sitting in a corner.
data/nocaps/images/3630d92f18d8a8b0.jpg	A stone lighthouse that is grey and has one rectangular window on its side  and a green structure with multiple windows on its top.
data/nocaps/images/970ee4cba7e165d1.jpg	Small fox standing in a field of tall brown grass
data/nocaps/images/ca11ed43e49ca797.jpg	Two men talking in a parking lot, in front of a building.
data/nocaps/images/f2981cfdaea8a1bf.jpg	people are performing on sports equipment and balance beams
data/nocaps/images/4a02698fbe5cce29.jpg	A fat blue jay sitting on a broken limb of a leafless tree.
data/nocaps/images/51968e261767baae.jpg	A backyard with a blue pool, covered seating, and palm trees.
data/nocaps/images/57711acbb13dc757.jpg	A large brown and white cow is standing outside of the barbed wire fence.
data/nocaps/images/12ca5298fc9865d2.jpg	Two white tigers laying on a wooden plank with one laying down.
data/nocaps/images/463d84b7a67eac72.jpg	A very old light blue car I have never seen one like this ever before.
data/nocaps/images/1074868d9da05783.jpg	A BATHROOM WITH SHOWER AND A HAND SHOWER.
data/nocaps/images/561fe7f628410a18.jpg	A person carrying a white handbag, wearing black clothing.
data/nocaps/images/3e49a1c1b227ea28.jpg	A person writing on a large green chalkboard.
data/nocaps/images/7c7c0e2bb9ea0927.jpg	This house in the woods is half log cabin half brick.
data/nocaps/images/bde0112066be318e.jpg	A man stands next to a black vehicle with his hand on the door handle wearing sunglasses, a white shirt, jeans and black shoes with white laces.
data/nocaps/images/9ee5738d8e78a47c.jpg	A wooden house with a lantern and windows.
data/nocaps/images/677382dd43280f18.jpg	a red color with head light is standing
data/nocaps/images/d257d1fbcf43abd5.jpg	The boy is standing behind a cake and toys and in front of many blue balloons.
data/nocaps/images/1338d30e64d36b63.jpg	The bike was found laying in the snow in an isolated area.
data/nocaps/images/f65bae4da0211211.jpg	A white coffee cup with blue lines has a plant growing out of it.
data/nocaps/images/27c41bbdb49d6f5f.jpg	A man in glasses smiles at the camera as he sits at his desk full of paperwork.
data/nocaps/images/0485fd5533a9a837.jpg	The kangaroo is standing on the grass in front of the bushes.
data/nocaps/images/a057f34fdbf441d5.jpg	An old man sitting wearing eye glasses and a yellow shirt.
data/nocaps/images/54ebca2064066a49.jpg	A car sits next to a wall and the snowy ground.
data/nocaps/images/422d4210cdcdb6a5.jpg	A man in all white holds onto his tennis racket.
data/nocaps/images/d72dd8e6f1493ac1.jpg	a shark swimming in the water with its mouth open
data/nocaps/images/ab5717316a8ca40e.jpg	Open white roses and buds fill a glass vase on a table near teapots and and printed oven mitts by a sheer-curtain window.
data/nocaps/images/61b9f3a4db94791b.jpg	The man is riding an red scooter on the sidewalk.
data/nocaps/images/316f70c3032cd5ef.jpg	A room full of handbags, some hanging, some on a shelf, some on a counter.
data/nocaps/images/86d26fe72a28de02.jpg	A green and yellow tractor in the snow with a plow on the back.
data/nocaps/images/85b7324cb9a9579d.jpg	Several butterflies sitting on flowers and plants.
data/nocaps/images/260802f47131158f.jpg	A six drawer chest with a fan and books on top.
data/nocaps/images/3272419aac29a2b4.jpg	A Yamaha piano is featured showing the black and white keys with gold trim.
data/nocaps/images/05042cfa44abe4f6.jpg	Wood cabinetry surrounding a sink with a high curved faucet and kitchen knives on the left side of the counter.
data/nocaps/images/2fcb6507cfc1fffb.jpg	a person modeling a tan coat turning in different positions
data/nocaps/images/b72489395b0b4a60.jpg	Small orange and yellow three wheeled covered cart.
data/nocaps/images/09c863d76bcf6b00.jpg	A bronze sculpture of a bust that is shiny
data/nocaps/images/29faa8b48f111791.jpg	A man is holding a large fish he caught at night
data/nocaps/images/59b371efc0009dad.jpg	A vintage car is parked overlooking trees and a church in the distance.
data/nocaps/images/2a7f61a074483cb0.jpg	A building with windows on the outside and a street out front.
data/nocaps/images/512dfbb8c1f6bbad.jpg	A vase full of different flowers sits on a shelf.
data/nocaps/images/c753acc98a2a3304.jpg	The towel is there with somethng near the building.
data/nocaps/images/7e07848e1c0bffdd.jpg	Brass saxophone resting on a stand with men sitting in the grass.
data/nocaps/images/9ab27a227737b1f3.jpg	Man sitting playing the cello with his fingers¬
data/nocaps/images/d94378dc2841b503.jpg	Aerial view of city with many tall buildings shrouded in fog
data/nocaps/images/4dbe0d526f7f9bf0.jpg	Two cucumbers and a red pepper are on a wooden surface.
data/nocaps/images/7eb6688b2bc4fd3a.jpg	A bicycle placed beside  a folded set in a bus
data/nocaps/images/a2044226ce511052.jpg	A flower tiara is full of sparkling diamonds.
data/nocaps/images/89692f83a1c95938.jpg	An orange highlighter, yellow highlighter and black plan on lined paper next to candy.
data/nocaps/images/27dcd544fbd8fbc2.jpg	an unbaked pie with cherries in it and a raw crust
data/nocaps/images/62746ae049b412d5.jpg	figurine of girl with purple hair and a blue skirt in front of branches
data/nocaps/images/02deba0102b5ce2a.jpg	A clear bottle of CK cologne is full of liquid.
data/nocaps/images/2e08a3701ae74310.jpg	a woman holding a racket in her hand and a boy swinging
data/nocaps/images/cce5c3b34c5c735e.jpg	The shower door is glass and on rollers.
data/nocaps/images/9a1d52bdefd8056a.jpg	A vegetable cocktail in a glass with a straw.
data/nocaps/images/269191f83be6c348.jpg	A beautiful home with flowers in a flowerpot and a big bush out front.
data/nocaps/images/7faecc6ecdac6277.jpg	A person holding an oboe and playing
data/nocaps/images/04728d00324ff2af.jpg	A big sea turtle is laying on the sandy beach.
data/nocaps/images/409f7b5ca2a458c6.jpg	A man getting ready to throw the ball in a water polo match.
data/nocaps/images/edca872cabc7b3bf.jpg	Man with long hair and brown jacket posing for camera.
data/nocaps/images/2c57bb12d39094f5.jpg	A shrink wrapped package of crisp iceberg lettuce.
data/nocaps/images/8adaad8fefce4d9b.jpg	A man in a suit and tie is standing in front of a laptop and microphone looking to his left.
data/nocaps/images/432a1f0c3228defb.jpg	A poster of a man a a couple of animals
data/nocaps/images/40a05ea0282d5897.jpg	Children are working on computers with a teacher helping them.
data/nocaps/images/3dd40beb8e7f03b9.jpg	the home appliance cabinetry oven chest of drawers
data/nocaps/images/2bcc5062d0f8e0c1.jpg	A woman in the water with a dolphin touching her face.
data/nocaps/images/494898655338b9da.jpg	Someone is wearing black pants and black shoes and is next to someone in white shoes.
data/nocaps/images/cb1abb0fc94b341a.jpg	A dark yellow couch against a white wall near a window with sunlight
data/nocaps/images/42f0f788afccb386.jpg	A kid holding a string attached to a kite.
data/nocaps/images/5ed2d6c67b00234e.jpg	A car that is parked in the middle of the street.
data/nocaps/images/d432d45e42ae7e15.jpg	Dog walking together in a connecting leash and a human walking behind them
data/nocaps/images/10710daf03ec4f64.jpg	A woman in a pink top and helmet rids a bicycle.
data/nocaps/images/829a698741377030.jpg	An older man and woman sitting behind a little boy on a couch.
data/nocaps/images/4eb478ec0835cfdd.jpg	A KID IS RIDING A BICYCLE WITH HER TOYS IN THE BASKET.
data/nocaps/images/d7e0a40ffb2d0cbe.jpg	A woman is riding a horse that is jumping a gate at a competition.
data/nocaps/images/50202badfd6b50fe.jpg	Many green plants in flowerpots sit on the patio around some wooden chairs.
data/nocaps/images/c9a2b418c0ee29a4.jpg	A plan sitting on the landing mat next to grass.
data/nocaps/images/e916dd0b766b2f40.jpg	Three pillows setting on a long blue sofa chair in a small room.
data/nocaps/images/e2af703dbb140d1c.jpg	a women is wearing pink t-shirt and a black long shirt
data/nocaps/images/18c70e4db9166a0c.jpg	A few beaked goods are inside a container.
data/nocaps/images/8bf07f53c0d58f99.jpg	A white car is parked on the side of the road.
data/nocaps/images/da30e7d2e4e448c7.jpg	two pair on brown high heels and a white pair of pumps
data/nocaps/images/65ace40ac8556f83.jpg	A woman in a black bike outfit and helmet riding bike down a path.
data/nocaps/images/4626c36d15d9b306.jpg	dumpling on chopsticks with a plate of dumplings on a table
data/nocaps/images/1cc0763f8f864f06.jpg	the snack is surrounding the christmas tree desert.
data/nocaps/images/24689d4b56dcaf86.jpg	A sheet pan with parchment paper is filled with golden brown cookies that have a topping criss crossed on top of them.
data/nocaps/images/4fa24c1abe969cb7.jpg	A black car is parked on a road and a bicycle is parked nearby.
data/nocaps/images/68624a5135fb2f39.jpg	A man in a suit and tie at a podium.
data/nocaps/images/9d408f91e7f2842e.jpg	Model of a plane rested on top of some grass.
data/nocaps/images/3956c6659dd2ee95.jpg	An enthusiastic diner wearing a big prepares to dive into his meal.
data/nocaps/images/6d7c83a8cdcd358a.jpg	A strange animal that is black and white in the grass.
data/nocaps/images/2830e771d3ca5a2f.jpg	A blue towel with a black brand text is placed on a white surface.
data/nocaps/images/3e7f47c92b313f1f.jpg	A very old man with a beard and hat squinting.
data/nocaps/images/4de30322c245ab97.jpg	Man in black suit white inner shirt and a necklace with pink pendant.
data/nocaps/images/e2086500ef12b2fd.jpg	A silhouette of birds in a tree as it is getting darker.
data/nocaps/images/939a0917339b7783.jpg	A blue shelf filled with red,pink and colorful toys.
data/nocaps/images/52371c64db9ee3f2.jpg	Several people in two different boats paddling through the water
data/nocaps/images/4389c1833d5354d9.jpg	A woman placing sand bags with a man outside.
data/nocaps/images/06070528d72660ea.jpg	A green bicycle is propped up in a tool room.
data/nocaps/images/c555449b6fb78409.jpg	A close up of a fork on its side.
data/nocaps/images/2d6a5ad44a5b0a4d.jpg	A line of green cannons sit in front of a French monument.
data/nocaps/images/f9b044e2e91268c1.jpg	A tropical beach with small waves and palm trees.
data/nocaps/images/8cfd31176e6f29d0.jpg	A baked cherry cobbler dessert fresh from the oven.
data/nocaps/images/656a9c9318ab9a90.jpg	A black skirt hanging on a white mannequin.
data/nocaps/images/362a7beb29ad064b.jpg	A pair of long shorts hangs on a hanger.
data/nocaps/images/7fd5956f7309f792.jpg	A clear tent in the woods with many camping chairs in it.
data/nocaps/images/bbc1921cc7fb24fb.jpg	A man is riding a bike next to a silver rail.
data/nocaps/images/6835a2ee09bf27db.jpg	Some people in scrubs are next to each other.
data/nocaps/images/5339d7acea25b7ed.jpg	A kitchen with many shelves full of items.
data/nocaps/images/20d46de74f618aef.jpg	Some red meat is on a black skillet.
data/nocaps/images/af76f0576cc7dbd4.jpg	A person walking through some water heading for a staircase.
data/nocaps/images/e7d0dde7b8712e83.jpg	This sandwich was made with a large stack of meat.
data/nocaps/images/02eb8d9a3e34b370.jpg	Two men sit near each other with their faces touching.
data/nocaps/images/1dc4c4714bb8f4b0.jpg	The large blender is there now with something.
data/nocaps/images/5e2e72b27dcda54a.jpg	a woman is wearing a necklace and pearls
data/nocaps/images/94c99b3aea7ee041.jpg	Several different streets with cars driving and a sign.
data/nocaps/images/214f355fcd5f4a91.jpg	A woman tending to a stall full of vegetables.
data/nocaps/images/78eecf7945e7b223.jpg	A bus is driving in a lane on a street.
data/nocaps/images/8e03c21e09b7aae9.jpg	A white sports car is parked in the grass.
data/nocaps/images/8cb7d659e2d0a541.jpg	Tea and coffee are served on a white laced centerpiece on the table.
data/nocaps/images/2feba53355b4e765.jpg	Some decorations are have red lights you can see at night.
data/nocaps/images/daee138deeec269c.jpg	Large carved stones sitting on top of one another.
data/nocaps/images/66401cdc29ec244d.jpg	A room has gates to let people in it.
data/nocaps/images/bf7592490fe2a470.jpg	A red, yellow, and white emergency van is parked outside of a building.
data/nocaps/images/83e99dc9e2f8a70c.jpg	Bar stools are underneath a wooden table in a room.
data/nocaps/images/c6dac581c7146f23.jpg	An elderly woman sitting in a wheel chair dressing in formal clothing.
data/nocaps/images/da07b8ab8f210b2e.jpg	A ram looks forward while standing on a mountain on a sunny day.
data/nocaps/images/85caeec250076856.jpg	A sports car interior with gray seats and blue molding sits empty.
data/nocaps/images/2c209664cc9be9e6.jpg	A man wearing a protective helmet pushing a woman in a wheelbarrow.
data/nocaps/images/c514727f8c45b0a0.jpg	A man leans toward the table to hit the white ball.
data/nocaps/images/284279846a791a0d.jpg	A silver and gold fish above some vegetation in an aquarium.
data/nocaps/images/08124dbd424269c0.jpg	Several women in a hallway with sweaters.
data/nocaps/images/83fb948317b6717c.jpg	A couple of people are walking on a bridge by a mountain.
data/nocaps/images/0e481ee0c6655eb1.jpg	A coffee cup is halfway filled with tea.
data/nocaps/images/8852708adc540282.jpg	A quarter is sitting down on a table that is red.
data/nocaps/images/db2ea678c5c835ee.jpg	Two people are snowboarding on the snow together.
data/nocaps/images/e0498ee4541e2f3c.jpg	A large trout with a lure still in its mouth.
data/nocaps/images/53859c6247a3db01.jpg	The man is riding in an old-fashioned red convertible.
data/nocaps/images/740fc2fafd5b3c63.jpg	Large silver tanks behind the counter at a restaurant.
data/nocaps/images/c8d52f73aa5519e4.jpg	A deck has a white table and chairs with red cushions.
data/nocaps/images/12332c27f706121f.jpg	A basketball player in a wheelchair lifts the ball to shoot it.
data/nocaps/images/3cb44b8e27352d05.jpg	a bunch of turkey standing next to a tree.
data/nocaps/images/711fbfa40b208b59.jpg	A man wearing hunting gear holding a shotgun with a scope.
data/nocaps/images/2f543d5d26428d83.jpg	A big black spider is hanging on their web.
data/nocaps/images/3bc01caeabc76df1.jpg	A woman standing in the grass with tattoos on her legs.
data/nocaps/images/8afd2f0e67254343.jpg	Sofa bed in front of a bed in bedroom
data/nocaps/images/d2e270714f830a69.jpg	A used coffee mug on a saucer with a cell phone nearby it.
data/nocaps/images/a2d8194362af5a99.jpg	White wooden cabinetry with drawers and floral design handles.
data/nocaps/images/d332f09da51a0970.jpg	Two people on a bicycle on a narrow street in the rain.
data/nocaps/images/b007eb06025faff4.jpg	A guy with a hat has his hands inside of a  gocart vehicle.
data/nocaps/images/2217a3fb6f66fdd1.jpg	Two drink glasses with mint, strawberry and lime sit next to a pitcher of brown liquid and ice.
data/nocaps/images/0ab10a6417ef2301.jpg	A large sculpture looms over crowds of people on a beach.
data/nocaps/images/acccd215f967324c.jpg	A person wearing a helmet is riding a motorcycle.
data/nocaps/images/24e4a46f7ce04aa6.jpg	A man wearing glasses sits in a chair looking a computer monitor.
data/nocaps/images/2c6d0a2a26c0488b.jpg	A mule is tethered in a rocky clearing.
data/nocaps/images/19f5c53f1ef6768c.jpg	A raccoon sits on the ground by some rocks.
data/nocaps/images/4adb6d3f344b38fd.jpg	A woman sits in a chair playing an oversized harp.
data/nocaps/images/ce035835644de96d.jpg	Two jack o lanterns sit in front of a fake fireplace between a teddy bear.
data/nocaps/images/02c7385eedfe4f59.jpg	People are dressed in purple and red robes.
data/nocaps/images/b1c26c7b8809e1b8.jpg	A woman looking out a window filming with a video camera.
data/nocaps/images/aaf5b5b51d27d3a2.jpg	a person with helmet riding a jet ski in the sea
data/nocaps/images/2d4a364e8b5c961a.jpg	A white bowl of salad and bean
data/nocaps/images/4d2900a5cf30c7fa.jpg	A military tank parked on dirt surrounded by trees with an American flag.
data/nocaps/images/7aae420292b21ca9.jpg	A black ceiling fan is on the ceiling.
data/nocaps/images/76dc2394748a20de.jpg	A dog and a girl in the yard playing with the hoop circle the dog can jump thru.
data/nocaps/images/ce968272a6353f8f.jpg	purple color balloon is flying in the sky with three animated person
data/nocaps/images/afbc7e1aac2dc61d.jpg	An orange and a teal chainsaw lie on a metal table.
data/nocaps/images/d5a1e51d937f330f.jpg	A man driving a motorcycle trying to do a wheelie.
data/nocaps/images/2179db1861a5057d.jpg	A large blue and white plane is parked on the side of a large concreted strip.
data/nocaps/images/5d4cd3f05e4d85c4.jpg	A black, gold, and silver dagger with a sheath is laying on a surface.
data/nocaps/images/175ef697cb84c875.jpg	Man and dog standing on paddle board in ocean.
data/nocaps/images/84930606ad9bc457.jpg	A girl in a white dress is smiling.
data/nocaps/images/1726e7e42ad92ec2.jpg	A bunch of birds in a fenced in area with a sand floor.
data/nocaps/images/25275432b3ec6f9b.jpg	Two glass shakers with one of them filled with salt and the other with pepper.
data/nocaps/images/f69dbf52ab2ec45a.jpg	A plate of pasta contains cheese and meat.
data/nocaps/images/9210ce35abaef2d2.jpg	A front porch has several planter boxes hanging.
data/nocaps/images/cb3bf3a4c2945191.jpg	A man puts on a helmet next to a bicycle.
data/nocaps/images/3a1311935103446d.jpg	A dark car sits on the road next to a curb.
data/nocaps/images/2623415850b406cf.jpg	A wood chest of drawers with a small shelf on top.
data/nocaps/images/36daf4b907485637.jpg	Man paddling on a gondola in the water while people enjoy the scenery.
data/nocaps/images/9de42afab97413a9.jpg	One strawberry is growing on a leafy green vine
data/nocaps/images/cdfadd8485f5911b.jpg	Several wheels of cheese on display in a shop.
data/nocaps/images/c6249d94f4b8fc0b.jpg	A gymnast is flipping above a bar in a gym.
data/nocaps/images/7ff331d7c17ed526.jpg	A silver jeep in traffic going down the road.
data/nocaps/images/8860dbcd899fef8a.jpg	A snail is crawling in the dirt and has a slimy green texture.
data/nocaps/images/63e0b56d578a62e1.jpg	A man in bicycle and white shirt is trying to hit a hockey ball
data/nocaps/images/eaa9828fea069047.jpg	Some wet clothing and a cell phone and wires are hanging out of a washer.
data/nocaps/images/9222aad484092a2b.jpg	A boy in a green shirt kicking a soccer ball towards the goal.
data/nocaps/images/58bc2baa1a5ccdfb.jpg	A margarita sits in the middle of the mixing station.
data/nocaps/images/e1e863ea1a8d6ada.jpg	The bird is a woodpecker and has a bright red head.
data/nocaps/images/fdd6b016045ea8bf.jpg	A wooden cabinet and a chair beside it
data/nocaps/images/4d1f9c7ec5be2a9e.jpg	A horse attached to a cart stands alone on the side of the street.
data/nocaps/images/45708b9bca9d7b8b.jpg	A shotgun with wooden accessories is laying on a white sheet.
data/nocaps/images/f1afdb66db749d5e.jpg	A white blender full of a tan liquid sitting on a counter.
data/nocaps/images/32f8b86702777556.jpg	A city with a lot of bright lights and many people walking around.
data/nocaps/images/2499021935fff88f.jpg	A computer monitor is displaying the face of an Asian man.
data/nocaps/images/a2364c31de73114d.jpg	Large bottles of wine and beer presented in a large basket.
data/nocaps/images/267fb36486a00fcc.jpg	A man playing a piano and another playing a guitar.
data/nocaps/images/9fcc3b0c816e9362.jpg	A pretzel and other pastries have been places together l
data/nocaps/images/1f7c714c88527e6b.jpg	A man and woman kissing each other under a tree.
data/nocaps/images/14a7fbad2d02e768.jpg	a huge starfish in an aquarium with fishes.
data/nocaps/images/6de33e549210af97.jpg	chicken breast being cooked on an indoor grill.
data/nocaps/images/f6afa3fbb4fbc588.jpg	A large house sitting next to plants and palm trees.
data/nocaps/images/5b127cea11737082.jpg	A telephone booth is against a wall next to a mailbox.
data/nocaps/images/65924623968e80ed.jpg	Three person in green and yellow shirts, has goats in front of them.
data/nocaps/images/5be53c95ac4489ea.jpg	a black car sits outside on the street
data/nocaps/images/a03eb15363d9d6bc.jpg	A roller coaster with many people riding it.
data/nocaps/images/d437ae14608ce131.jpg	Several men in blue uniforms playing soccer.
data/nocaps/images/d50348e28655a286.jpg	A black and white dog is playing in the snow.
data/nocaps/images/9ef1b44f69c37e49.jpg	A white plate has pancakes, bananas, and sauce on the table.
data/nocaps/images/1efc2db85591a04f.jpg	A baseball player hits the ball at a baseball game.
data/nocaps/images/115150a6ba4eb0ca.jpg	The man's shirt has an advertisement for Thai cinemas.
data/nocaps/images/40b8a8a00a6706ee.jpg	A small fast food hamburger with a side of french fries also.
data/nocaps/images/2aedc2efa2b67e07.jpg	A group on people on a paddle boat with lifejacket on a river.
data/nocaps/images/2a76b21412394e0b.jpg	A green and purple sea creature is close to the bottom.
data/nocaps/images/c794f43f106b2508.jpg	The man is walking passed the shops on the boardwalk.
data/nocaps/images/831ef1ed000ea182.jpg	A closet sits in a girl's bedroom and reveals a neatly arranged bookcase.
data/nocaps/images/fe7ca35356990449.jpg	A building with descending lattice work on the front and trees.
data/nocaps/images/800d5e751f4adeb1.jpg	A man in black suit playing accordion
data/nocaps/images/86226738a329b7b0.jpg	Some large fruit is on the branch.
data/nocaps/images/ee64c756a5309742.jpg	A woman in a sexy dress is posing by beer
data/nocaps/images/8e192810999ba40f.jpg	The matador is facing a bull out in the stockyard.
data/nocaps/images/dd18e0284551e30f.jpg	A man in a red shirt wearing a blue bandanna is playing a keyboard.
data/nocaps/images/d102f4fbef4e708b.jpg	Four toothbrushes with very frayed bristles on a table.
data/nocaps/images/9efd7baee1919169.jpg	A classic orange truck is parked next to other classic cars.
data/nocaps/images/de8db4e59aa87ae7.jpg	A busy street in the daylight with cars and a trolley.
data/nocaps/images/f758015f7db0f35a.jpg	Two geese swim on blue waters on a bright day.
data/nocaps/images/b8a0fb549656e6dc.jpg	A man wearing a red pants and yellow jacket skiing
data/nocaps/images/10e8e603651838b7.jpg	Four heart shaped pieces of waffle on a blue plate.
data/nocaps/images/204018b7889eb826.jpg	Broccoli served in a salad with homemade croutons.
data/nocaps/images/adbbe2ecb92408ec.jpg	A woman in white shoes and a gold dress.
data/nocaps/images/0c6b86b4119e11e7.jpg	Men are dressed as women surrounding other people in an outdoor place.
data/nocaps/images/4c83087b06ecf53b.jpg	A black rifle is sitting on the table with a book next to it.
data/nocaps/images/7c455cd7bb04248b.jpg	Four blue and white mixing bowls sit outside, on a table, under a tree.
data/nocaps/images/6e64f997d2d451ee.jpg	A white coffee cup with coffee in it sits on a table next to an ashtray and cigarette.
data/nocaps/images/eb0f36c7ce3366cc.jpg	A view of a library with several bookshelves.
data/nocaps/images/648f976633fc37a4.jpg	A missile launched into the sky with smoke following behind.
data/nocaps/images/0d318eeb57e0d683.jpg	A train on the tracks about to pass over some wires.
data/nocaps/images/bd82e0aeaa6c6248.jpg	plate with tacos on top and a small bowl of salsa on the side
data/nocaps/images/1f0c0b509013b719.jpg	A woman posing in a fashionable dress.
data/nocaps/images/b7d1ffbaf5fb4ca0.jpg	Many bottles of brown liquid with yellow caps are clustered together.
data/nocaps/images/2198847783e240e7.jpg	A coffee mug has coffee half drunk sitting on a window sill.
data/nocaps/images/2388648e11e3f724.jpg	A train on rail tracks in a subway.
data/nocaps/images/7987e74bb1b88177.jpg	Doughnuts covered in red, white and blue sprinkles and white icing are sitting on a table.
data/nocaps/images/0cb00eeadc9bb43d.jpg	The pastry shells are toasted and are round in shape.
data/nocaps/images/da261702971da7bd.jpg	a car with a boat on the top and the hood open.
data/nocaps/images/e352b1187ce99a45.jpg	Several people in wheelchairs inside of some sort of building.
data/nocaps/images/383ffb16d582355d.jpg	A man seated in front of an organ that has multiple keyboards and switches across its top.
data/nocaps/images/4d5ece82dead5c1a.jpg	A pile of ripe green and intact zucchinis.
data/nocaps/images/1fd45dbdf423e354.jpg	Pictures and a mirror sit on a chest of drawers.
data/nocaps/images/c94eb694388e68dc.jpg	A red bus with two doors and a large window.
data/nocaps/images/fbe34f827ba64b67.jpg	Two swans are next to each other just sitting there.
data/nocaps/images/0f1dfcdc9899d3a8.jpg	A cup filled with dessert and topped with slice of strawberry and a spoon beside it
data/nocaps/images/e2d6553151f7231b.jpg	People are standing on the side of a food truck
data/nocaps/images/868fec0fe30f68a2.jpg	This burger has vegetables and a sesame seed bun.
data/nocaps/images/f881a6398dc4cf90.jpg	A very large beehive hanging from a tree.
data/nocaps/images/89bb4e972a9771a0.jpg	Two small alligators are swimming over a log in the water.
data/nocaps/images/b0d7f0c560bff574.jpg	A man and woman are smiling while sitting next to each other.
data/nocaps/images/d63e870a970c8116.jpg	The people are there playing on the thing.
data/nocaps/images/9ddd7110b59880c8.jpg	A cup of coffee on a white plate.
data/nocaps/images/2be6ab51b1f3621b.jpg	Two men wearing helmet is standing on the Segway.
data/nocaps/images/f2c79b0b80d5b8fa.jpg	A man and a woman wearing sunglasses in a pool.
data/nocaps/images/9e20494f658f6860.jpg	This woman wearing red is speaking into a cell phone.
data/nocaps/images/607d5e540a3f1e49.jpg	A huge waffle with various toppings and whip cream.
data/nocaps/images/d16c77cc64cc70ae.jpg	A harbor seal is standing on top of the water.
data/nocaps/images/f5c66ca587c458d6.jpg	Dolphin diving back into water showing only its back and tail.
data/nocaps/images/23447421bc4a22ba.jpg	A pastry decorated with white icing and a pink rose with a green leaf.
data/nocaps/images/f85050429e9c715a.jpg	A young woman is wearing a bright pink bikini on the beach.
data/nocaps/images/14691d674b43b023.jpg	A man with long straightened hair wearing a heavy amount of makeup.
data/nocaps/images/9e59acc0d12f7103.jpg	A man in a jacket is playing the violin.
data/nocaps/images/4749b2770a56441f.jpg	A sandwich has white bread, meat, lettuce, and tomato.
data/nocaps/images/f7e5307116d5c3a7.jpg	The building has a studio couch, sofa bed, plant, coffee table in a large room.
data/nocaps/images/f9956e450cd74f09.jpg	A person eating ice cream from a waffle cone.
data/nocaps/images/ed7d99098d4af8e6.jpg	A silver vehicle with a yellow license plate is parked on a brick driveway in front of a European country house.
data/nocaps/images/cd84ccf68f0e4d23.jpg	A large black scorpion with it's tail up.
data/nocaps/images/705a34e58044ec9f.jpg	A bunch of people are huddling around a ball.
data/nocaps/images/35660928e890aa0e.jpg	A boy wearing a knit cap is standing in a convenience store holding a basket.
data/nocaps/images/023dc92993699a49.jpg	A green garbage can has an orange face on it.
data/nocaps/images/ef3bccf37d3d9c80.jpg	A man using a tool on the wheel of a bus.
data/nocaps/images/b965c3310317652e.jpg	A room with light blue walls and blinds on the windows.
data/nocaps/images/4a76a46b51cb0993.jpg	This alpaca is looking at a stack of rocks.
data/nocaps/images/0ce960b8d36cc629.jpg	The porcelain sink is the only furniture on the wooden hallway.
data/nocaps/images/d05d1b4689f3584c.jpg	A pineapple is attached to a plant outside.
data/nocaps/images/9913bc3a5ffdd64b.jpg	a tan couch with side pillows on a hardwood floor
data/nocaps/images/fdc09b39b6593c7e.jpg	A woman in a black outfit is on a unicycle.
data/nocaps/images/f00d696f4d0663e1.jpg	A woman standing wearing blue jeans and long sleeve shirt.
data/nocaps/images/ef83b0da979ae261.jpg	A man in a black shirt and jeans holding what appears to be a handful of leaves.
data/nocaps/images/12e529ac3ceecdb3.jpg	Two iPods that are on top of advertisement for iPods.
data/nocaps/images/d3bb3abcc802d041.jpg	roasted turkey in a silver roast pan on a granite counter top
data/nocaps/images/de5c50f8027f7701.jpg	A kitchen with some cabinets and stainless steel appliances.
data/nocaps/images/bf5ff63466f323a6.jpg	Birthday cake with purple and yellow frosting and decorations.
data/nocaps/images/0add91a2efb3f33d.jpg	A helmeted woman with bent knees lies sideways on a floor supported by a bent arm in front of another competitor on her knees and seated spectators.
data/nocaps/images/ad348fd168cfc74c.jpg	Meat is soaking in a sauce with a salad.
data/nocaps/images/3f1b06ad13105fda.jpg	A rifle with wood support and metal grey and black metal part.
data/nocaps/images/5c8c9c8e4856182d.jpg	Some baked pizza with fruit topping served in a plate
data/nocaps/images/eb03b32d7c7c6b7a.jpg	Two people are skiing while wearing cold weather clothing.
data/nocaps/images/ba46d5ea915c9db8.jpg	A short sleeve black outfit has an owl on it and a red number.
data/nocaps/images/806d0711b8225f61.jpg	A statue of a man sliding down a roof.
data/nocaps/images/d32303a62c007868.jpg	A lady holding a purse is picking out apples at the store.
data/nocaps/images/f119a15588517ae5.jpg	A person is sitting on a camel with another camel behind him standing up.
data/nocaps/images/661995be0c211fc2.jpg	A platter, with flowers on it, is sitting on a stand.
data/nocaps/images/e4fabe3c9e27d528.jpg	A black vintage sports car parked in the driveway
data/nocaps/images/27b7e38d8f558578.jpg	A young woman has long stringy blonde hair.
data/nocaps/images/86f6d1c7b81e826b.jpg	A box is filled with assorted chocolate donuts.
data/nocaps/images/5acb84ff42036ab5.jpg	A towel hangs over the raised sink in the bathroom.
data/nocaps/images/a0325fc512502d54.jpg	A man wearing a chef uniform making some breakfast.
data/nocaps/images/18a6ce6877d98d6c.jpg	A yellow taxi sits near a large mail truck.
data/nocaps/images/c9ecf7b1e970a65a.jpg	A group of people wearing helmets and jerseys.
data/nocaps/images/99b2f15e3e4a9d13.jpg	The person is smiling and wearing pink sunglasses now.
data/nocaps/images/2af92219df5acff0.jpg	A snow mobile enthusiast riding a bike in the snow
data/nocaps/images/3cb88e69f16e2d00.jpg	A picture of a woman sits at the corner of some cosmetics displays.
data/nocaps/images/2908288f0c371f1f.jpg	A girl in a hospital bed with a blue shirt on lifting her arms.
data/nocaps/images/96b4003facffe2bf.jpg	A kitchen with the counter tops missing and the cabinets open.
data/nocaps/images/141f33ee645d10a9.jpg	fried chicken is placed in a plate and a lemon piece is also in that plate
data/nocaps/images/89bb39e3510b46f3.jpg	a group of statutes are on display
data/nocaps/images/de665e4ed22ae28b.jpg	Vanilla frosted donuts with chocolate candies on top
data/nocaps/images/2b8f4f9aa64e8962.jpg	An old lizard is lying in a slightly sunny spot in some sand.
data/nocaps/images/99222ebd7f666bec.jpg	A silver digital clock on a black nightstand.
data/nocaps/images/1e3791a88b656c6a.jpg	Two small children from several decades ago are sitting closely on cement steps.
data/nocaps/images/a541e633096c6cc4.jpg	A closeup of several waffles on a plate.
data/nocaps/images/1a50a731357933ae.jpg	A UK passports is on the table nears some British currency.
data/nocaps/images/54db01178c9f7464.jpg	A woman closes her eyes outdoors while wearing a hat.
data/nocaps/images/5533c63fa49c2615.jpg	A grey tube if cream is standing on a white counter top.
data/nocaps/images/07ced255ea911d85.jpg	Two women posing in front of a red wall.
data/nocaps/images/38107cee172b7942.jpg	Two umpires and a player are talking about the baseball game.
data/nocaps/images/a459749f4e5769bd.jpg	Two toothbrushes and a tube of toothpaste are in a mug marked with a C.
data/nocaps/images/109260e478aa7bc4.jpg	Surgery being performed in an operating room by three people and watched by two.
data/nocaps/images/13dcbd465645c47f.jpg	These pair of white items is resting on the wood floor.
data/nocaps/images/5e3a2b6e7943040f.jpg	Palm trees growing in a grassy brush area.
data/nocaps/images/aa78dede5fd22352.jpg	The house has trees on both sides and a sign in the center of the lawn.
data/nocaps/images/395939397d472c3b.jpg	A person riding a horse with a helmet on.
data/nocaps/images/0210f9c01e31f873.jpg	two card are standing next to each other and a man is standing near to it
data/nocaps/images/4ae2277dc53355d6.jpg	A bouquet of white and yellow flowers is shown on a table in the middle of a living room.
data/nocaps/images/022c1f420446d118.jpg	A woman in a black shirt is riding her roller skates.
data/nocaps/images/e0c6efed3588fd5c.jpg	A woman with a cut shirt and panties.
data/nocaps/images/d41fcf855e01eb44.jpg	A cocktail is sitting on the table with stars on it.
data/nocaps/images/6bff678ea2346ac5.jpg	Man with zombie makeup wearing silver crown and suit.
data/nocaps/images/cfcc411ed36d6e77.jpg	Pink blouse being stitched by a sewing machine.
data/nocaps/images/ce114649741dcc26.jpg	A person on a dirt bike going down a hill outside.
data/nocaps/images/eb8a27e1fc9506a0.jpg	The car is moving along the outside with other people.
data/nocaps/images/828da354cdfb382f.jpg	A plate with some bread and eggs on it.
data/nocaps/images/bcd967369f635460.jpg	a footballer tackles another player on the field
data/nocaps/images/c8af666d3923742a.jpg	A clock necklace on display with a white back-round.
data/nocaps/images/3fec3b9feac65f6a.jpg	A truck moving on the road and another one coming behind it
data/nocaps/images/9f6c11b60796e451.jpg	An empty room with a tiled floor and a plant.
data/nocaps/images/3387777401546bd3.jpg	A man standing on a gondola is floating past a pier.
data/nocaps/images/8b3cbd186fbe298e.jpg	A little girl in white leggings is riding on top of a red and white tractor.
data/nocaps/images/aa10494564a33c4d.jpg	A pizza with a bite taken out of it.
data/nocaps/images/651488dd9316c839.jpg	The boy was happy to be a part of the class.
data/nocaps/images/2d3f93fc7f01d7de.jpg	A plate of mixed veggies have tomatoes, avocado and green onions.
data/nocaps/images/091c033b2a7df15b.jpg	A green colored jeep parked with a "for sale" sign in the window.
data/nocaps/images/938d31b01a51198a.jpg	A small container of ice cream with a spoon and some cookies sticking out of it.
data/nocaps/images/26fa5ca89582227c.jpg	Four individuals are pulling on a rope together.
data/nocaps/images/0049a724f5dc20e4.jpg	A painting of 5 cello's with a green background.
data/nocaps/images/80f49722d8dcdbb2.jpg	A pink and white lily growing in a garden.
data/nocaps/images/48270a4f566ee6f1.jpg	A few bunches of green grapes hanging from some vines.
data/nocaps/images/f9421f18e6637626.jpg	A porcelain bust of a man's head and face wearing a green hat.
data/nocaps/images/01491bf840ae9939.jpg	A woman kicking at a ball on a field.
data/nocaps/images/72d394241bbaba93.jpg	Several women are standing in line wearing bikinis.
data/nocaps/images/dba8dbd4c45cc083.jpg	A shopping cart is knocked over on the sidewalk.
data/nocaps/images/182268e1f8c6525f.jpg	An orange car sits parked across from a building.
data/nocaps/images/3ca740fca45953bd.jpg	The guy in green jacket watches the man ski.
data/nocaps/images/8f9f58fba78dda25.jpg	A pancake on a white plate that has syrup on it.
data/nocaps/images/aea130b771355e8b.jpg	Two men on opposing teams reach for a basketball.
data/nocaps/images/08633d6cdda962f2.jpg	A brown and gray sea lion looking at the photographer.
data/nocaps/images/7e838bcfab6fd1fb.jpg	Three white color plush dogs on the floor.
data/nocaps/images/0e7294d6ce0c1ee3.jpg	A fluffy white dog laying down outside while people talk.
data/nocaps/images/1d66fa7538e148e9.jpg	A small striped tortoise sits upon a rock.
data/nocaps/images/c3ea1d6ee9591a18.jpg	A man standing outside holds onto a heavy weight bar.
data/nocaps/images/2aa26da9070c92b2.jpg	Shrimp in dark pasta on a white plate.
data/nocaps/images/0ffac13dd8775446.jpg	The face of a lifelike doll who is wearing jewelry.
data/nocaps/images/c49987d142c11b96.jpg	a very large crowd fills most of the stadium at a basketball game
data/nocaps/images/09c0e499d462dabc.jpg	Baby boy in blue being held over a red backdrop.
data/nocaps/images/e53df3b585deaf1d.jpg	A dish of food of chips and guacamole
data/nocaps/images/d6f555694b216c17.jpg	A man in glasses and a scarf holds a camcorder.
data/nocaps/images/9b4f18da45243907.jpg	Three people are working out in a gym.
data/nocaps/images/41252915ac13a574.jpg	A bunch of potatoes, some of which have sprouted, around a bottle of wine.
data/nocaps/images/41bece651eeeb9bc.jpg	A person is looking through a magazine in front of a rack of magazines.
data/nocaps/images/d9d6b1343c21855a.jpg	Group of four men wearing instruments, three of whom are wearing brightly colored sunglasses.
data/nocaps/images/6a4747066ffd113f.jpg	A police van sits parked near a triangular sign.
data/nocaps/images/b8942e8ca4682cb2.jpg	A cricket player missed the ball and another player is about to catch the ball with his glove.
data/nocaps/images/31d7a828a6eb7961.jpg	A breakfast sandwich has ham and egg in the middle.
data/nocaps/images/7e3c6a9b812e13f4.jpg	Two antique cars, one has a stuffed lion in the back seat.
data/nocaps/images/d2343d20f7cc6e48.jpg	A black and white butterfly landing on a small pink flower.
data/nocaps/images/b1cae8a8600781c6.jpg	A bowl of red sauce pasta and a three leave herb with a fork and knife beside it.
data/nocaps/images/dd5669c3169e107a.jpg	A blonde man with facial scruff, is hugging a red haired lady.
data/nocaps/images/8c88b34d47f38c0b.jpg	The vehicle is being introduced for power farming.
data/nocaps/images/c09a331e62a12d04.jpg	This pan of cake is topped with strawberries.
data/nocaps/images/ef63472df93b9fff.jpg	A polar bear cub sits behind the foreleg of its' parent.
data/nocaps/images/106416971fe2f7ee.jpg	A group of people rowing a boat on the water.
data/nocaps/images/69f87f239d88063f.jpg	A THIN DRAGON FLY IS SITTING ON THE GRASS.
data/nocaps/images/2914a357e04fdc8f.jpg	A silver and black flashlight with a strap is laying on a table.
data/nocaps/images/f279bdbfc6d2986e.jpg	A person is sitting at a table with several dishes of food on it.
data/nocaps/images/21bf3a99e1062d37.jpg	A man wearing sunglasses and a cowboy hat looks off into the distance.
data/nocaps/images/668233ba2eb61801.jpg	The white tray is filled with used dirty tea pots . coffee mugs,  and tableware.
data/nocaps/images/d1d61f08ef8a2186.jpg	Cauliflower and broccoli have a separate stick stuck through them with over a container.
data/nocaps/images/65971b93a1020620.jpg	A dark yellow tractor sitting in the snow with a school bus behind.
data/nocaps/images/e9470ec788b2f530.jpg	A woman in standing bare foot next to some womens shoes.
data/nocaps/images/e5a44655207bfbef.jpg	A man is wearing a white shirt and khaki shorts.
data/nocaps/images/3e3bd7fdd3c6674e.jpg	A man is drinking beer while sitting on a golf cart.
data/nocaps/images/c59a5b26c1404980.jpg	A GOLDEN COLOR FISH IS CLEARLY VISIBLE IN THE SHALLOW WATER.
data/nocaps/images/a3297cae5305f27b.jpg	Three women's legs that are wearing pink and black striped socks.
data/nocaps/images/04f12bbcec6bb9e1.jpg	two bright green frogs standing on a green branch
data/nocaps/images/06aabc23f48f9eaa.jpg	Several men in uniform aiming guns in a grassy area.
data/nocaps/images/6b0c2674ffb60b2b.jpg	A young blonde man in black shorts is on a white surfboard riding a wave.
data/nocaps/images/3d93458d9b114321.jpg	A wooden filing cabinet with two drawers and a lock.
data/nocaps/images/2059c3040ad9cdd3.jpg	Two people fighting in a ring, with boxing gloves and helmets.
data/nocaps/images/f021fd21d0d65f5f.jpg	A man dressed in biking gear and wearing a helmet on a city street.
data/nocaps/images/ae6a940465b34ad0.jpg	A shower with a glass door and a tan wall.
data/nocaps/images/f4407d452f8fcc4e.jpg	A bride and groom stand with another man and women and all are dressed in suits and dresses.
data/nocaps/images/ea9126109a2a4d17.jpg	A cabbage salad with sliced lemons served on a white plate.
data/nocaps/images/1a76ab19a5a15dfb.jpg	A painting of lavenders with a green border and username logo.
data/nocaps/images/a8b164235b631065.jpg	A man with head phones and holding a guitar.
data/nocaps/images/164826e3bd841a74.jpg	Palm fronds surround the coconuts in the tree.
data/nocaps/images/00db41a79f8def5b.jpg	Two lynxes sitting next to each other on a rock
data/nocaps/images/067e21aeda713b53.jpg	A person playing nice music on his violin.
data/nocaps/images/5807f929da225781.jpg	A grand piano and a stool in front of it
data/nocaps/images/ce442e81fded4107.jpg	A room with bunk beds and a desk near it.
data/nocaps/images/439620894420a325.jpg	An exotic bird stands on a tree that doesn't have leaves.
data/nocaps/images/5c07c6eafa313603.jpg	A waffle with strawberry sauce and whipped cream.
data/nocaps/images/0776f29d160b1788.jpg	The standing people are watching the two sledding down the hill.
data/nocaps/images/0b3445eeb72b3803.jpg	A class room full of white and black furniture.
data/nocaps/images/5e77e54ee62483fe.jpg	A woman is wearing a blue top running on a field.
data/nocaps/images/897485e4e7699ab2.jpg	A person is leaned against the tree with his hands on someone's waist.
data/nocaps/images/78c0ae32619d0b2a.jpg	A crib in a hospital room has toys on the mattress.
data/nocaps/images/72629128427cf83c.jpg	A fish is baking in a small oven.
data/nocaps/images/52df5aaa15e6cd70.jpg	A woman in a blue top with a young boy on one side and a young girl on the other.
data/nocaps/images/51e33647f123f1f2.jpg	A large group of penguins standing on the beach.
data/nocaps/images/6b9fc961a434ab72.jpg	women in a blue shirt sitting beside a man in a gray shirt both at a desk
data/nocaps/images/e3e0a6f367ae14cc.jpg	A guy wearing glasses also has a hat and jacket on.
data/nocaps/images/c4a86841d8181d98.jpg	An alpaca being touched by a woman holding a baby.
data/nocaps/images/76c8a236becb0fb2.jpg	A hamburger with bacon, cheese and lettuce on it.
data/nocaps/images/cdbdcb64d5e25fb9.jpg	A sculpture of an owl from a few centuries ago.
data/nocaps/images/b053b1f12641af60.jpg	A man and a woman looking at a camera together
data/nocaps/images/6ed3e3ebe9a5fde5.jpg	A woman is sitting in a chair watching television in a studio.
data/nocaps/images/fd96bc99468d66c2.jpg	A spoon sits on a saucer next to a cup of coffee.
data/nocaps/images/9caa356d543b0f14.jpg	A blue convertible has a number plate on the front grill.
data/nocaps/images/c63be47717631cf1.jpg	Very nice high heel women's shoes on top of a wooden surface.
data/nocaps/images/96b71e109e1abcec.jpg	A leopard lying on the ground playing.
data/nocaps/images/b7904a8837396983.jpg	Three men in uniform playing a gold trombone.
data/nocaps/images/712bacc974c5a760.jpg	Man that is being feed by a blonde woman with sunglasses on her hair.
data/nocaps/images/d3c089a8999ef98d.jpg	A human's face sculpture in bronze in front of vegetation.
data/nocaps/images/4c12b0b56d0064e0.jpg	A book opened up on the couch with glasses inside of it.
data/nocaps/images/23a41085bee808f6.jpg	Two women sit on a wall with their legs crossed.
data/nocaps/images/a21aa7c1d7b93d12.jpg	A green car is parked in a driveway.
data/nocaps/images/3f48b03fbc0cc193.jpg	Big tree with green leaves and a yellow fruit.
data/nocaps/images/37d1a85b903eb8c7.jpg	A man wearing red sports gear riding a go cart.
data/nocaps/images/0b1357a5033991a1.jpg	A stretcher in a room with medical equipment.
data/nocaps/images/9a319687ed18bcc3.jpg	An otter leaning against fallen trees that are surrounding it.
data/nocaps/images/d0ffc5d3a209d1f0.jpg	A bald man rides a bike down the middle of a road.
data/nocaps/images/e6d27669b2efb650.jpg	Empty living room with black sofa and yellow striped curtains
data/nocaps/images/df754b5d85cef4f2.jpg	A man hanging his arm out of the car window
data/nocaps/images/c0956222b572b19e.jpg	A children's swing set containing both slide and swings positioned by a white building and surrounded by a white fence.
data/nocaps/images/3284e53e6c7b2902.jpg	Multiple baskets full of peaches yellow and reds.
data/nocaps/images/d2109239bcd894a6.jpg	A group of people sitting around a fire with a red truck in the foreground.
data/nocaps/images/1d6787c750b6a6b1.jpg	A whale shark swims with several other fish nearby.
data/nocaps/images/a234b17c1813407c.jpg	A white mug with green wording holds brown liquid.
data/nocaps/images/11dcac4ca5923a58.jpg	A white bathtub and faucet under white tile.
data/nocaps/images/56e803d5e8c580e0.jpg	Red tables and chairs are in the children's classroom.
data/nocaps/images/95a1ed5eeda072ae.jpg	A group of men are peddling on the surfboard.
data/nocaps/images/4eba7c4cf06ce3b2.jpg	A big white screen is  in front of  a group of people .
data/nocaps/images/8bb2fb553f22d062.jpg	A jaguar sleeping on a branch with the sunlight hitting it's face.
data/nocaps/images/29f7991e696e6e3f.jpg	White van parked with personalized license plate.
data/nocaps/images/2bb371dc7d9c1509.jpg	An older woman, a younger woman and a baby are relaxing on a blue blanket.
data/nocaps/images/589eb1664bed4c06.jpg	Green grapes sit on a vine next to some leaves.
data/nocaps/images/fe46e0831bc27444.jpg	Women in sports jersys playing volleyball in a gym.
data/nocaps/images/ad27ffa8d18c3c6f.jpg	A woman is wearing an orange shirt and stretching her legs.
data/nocaps/images/48e6a7f6cfe8f41b.jpg	a women is wearing black jacket and blue jeans leaning against a wall
data/nocaps/images/b836afeed09be301.jpg	A person with a baby is walking in rows of sunflowers.
data/nocaps/images/3575fe8f13d43ff4.jpg	A woman with a purple shirt rowing a kayak.
data/nocaps/images/dcfd3caecf2ae9f8.jpg	People in yellow vests and skis moving along a path in the snow.
data/nocaps/images/873875bcc2e76868.jpg	a beautiful couch have two pillow on it
data/nocaps/images/2a0c64f59a738dbd.jpg	A boat with four women wearing matching uniforms paddling together.
data/nocaps/images/aee6e78ac7791706.jpg	A spider is crawling on top of a coin that is on a dirt surface.
data/nocaps/images/4d57648cbc715f17.jpg	a large boat in the water with the captain standing up.
data/nocaps/images/3a47a2f8236c8378.jpg	A sculpture in the middle of a park with trees around it.
data/nocaps/images/254f52cb621f1094.jpg	A blue train is coming down the tracks
data/nocaps/images/4dd149cc55d6c5a0.jpg	A statue of person beside a cross and holding a cane
data/nocaps/images/9da594ff30fa254d.jpg	Several pretty lilies that are white and purple.
data/nocaps/images/75df3364755c336b.jpg	A little girl in a blue shirt preparing to shoot a basket.
data/nocaps/images/d76c4164c1a905a7.jpg	The brown wear is there and that is it.
data/nocaps/images/19aa0e0ad2fa06b6.jpg	A girl takes a book from a bookshelf.
data/nocaps/images/025457442526f1df.jpg	A metallic face shaped like a human skeleton face.
data/nocaps/images/9c4d6c06fe89e558.jpg	A batch of baked goods cooking off on a bakers rack.
data/nocaps/images/dcd27a3569b179cd.jpg	A solarium with many potted plants on a table under the glass ceiling.
data/nocaps/images/df6f78c5c2fe7d9b.jpg	Large yellow snow vehicle with snow plow rake attachment driving through the snow.
data/nocaps/images/0709eb8e8c2d19fa.jpg	A stuffed white bear someone was playing like it was injured.
data/nocaps/images/e72e4fd7650c163e.jpg	A camel is holding his head up high with trees in the distance
data/nocaps/images/2601272daf82eec5.jpg	An egg plant, parsnip and carrots on a cutting board.
data/nocaps/images/383f4d01a43c5b71.jpg	The brown and white oxen are wearing a yoke while pulling a cart.
data/nocaps/images/e0cff9ae2c4ccba7.jpg	People look at a car while on display.
data/nocaps/images/6e38935a10c37c78.jpg	Two men standing in front of a table.
data/nocaps/images/ea1d27e168a16bcd.jpg	A woman wearing a black and white hat holding sunglasses.
data/nocaps/images/890c6c17a01f8134.jpg	A red panda climbing on the truck of a tree
data/nocaps/images/abf1d637ed2122e8.jpg	A smiling blonde woman wearing a decorative tiara with veil and a white dress with beaded and sequined short sleeves.
data/nocaps/images/6e51203e400842b0.jpg	Eggs of dried clay have been pierced with metal to create two earrings.
data/nocaps/images/0b5357531bc00419.jpg	A batter watches a pitch go by him and the catcher prepares to catch it all the while the umpire watches over the play in the baseball game.
data/nocaps/images/91c5e0d7bbf20fa4.jpg	Two different colored flash light can be seen that are set next to each other on a table.
data/nocaps/images/0cc10060985b5867.jpg	The street was the best place to practice on the skateboard.
data/nocaps/images/45c4d088c7bee1c8.jpg	Plate of food including cucumbers, carrots, and peppers.
data/nocaps/images/edf5cfbf315c94c3.jpg	A bottle of Nivea face wash against a white background.
data/nocaps/images/58b9f0a6a926368d.jpg	A red haired young man stands holding a pool stick ready to hit a ball.
data/nocaps/images/ecef5e811a62e966.jpg	Two birds sit together in a bowl of leaves.
data/nocaps/images/2f11b580522c99e4.jpg	The shelf has very little food on it.
data/nocaps/images/d5bc065dcbf157d6.jpg	Orange sports car parked in a parking lot near a plant.
data/nocaps/images/c4c590ac7b1778fd.jpg	a man in suit and a women sitting together in front of the table
data/nocaps/images/dd424886ee4db1df.jpg	A young woman holding a glass of beer stands close to another young woman.
data/nocaps/images/24aa01ab4f072bd4.jpg	an electric toothbrush that is still inside the package
data/nocaps/images/79445a6e49ee53b9.jpg	A trolly going down a city rail.
data/nocaps/images/584d44e700ecca50.jpg	A red and black leather sports car interior.
data/nocaps/images/38166c1996e40c1a.jpg	A man in a life jacket has fastened a box onto a kayak.
data/nocaps/images/0f25f9ba117d9552.jpg	A man paddles down a dirty river with his family.
data/nocaps/images/89cd3ed1aa28cc13.jpg	A picnic basket sitting on top of a cart.
data/nocaps/images/cf5aac4cb462746c.jpg	Very large chunks of honey comb with a swarm of bees on it.
data/nocaps/images/e72fd1fd98da81db.jpg	A man in an orange shirt firing a bow indoors.
data/nocaps/images/e4e41dce40d8337a.jpg	A blue and white soccer ball in the sand.
data/nocaps/images/1347925c9c5e401d.jpg	The chairs and the bars are all empty in the room.
data/nocaps/images/7809a3b2a8482e1f.jpg	The mule stands among the group of on lookers.
data/nocaps/images/30684018da0c5afd.jpg	A white cup filled with coffee on a white saucer.
data/nocaps/images/cd9ce6646a4ac45b.jpg	Group of people playing polo on bicycles on blacktop.
data/nocaps/images/5838182af71714c6.jpg	A woman standing on top of a ladder painting a house.
data/nocaps/images/5ea13fbbd1a1474f.jpg	two chairs are side by side in a living room.
data/nocaps/images/cd96d08a348989b7.jpg	a fox holding  an animal in it's mouth walking in a field
data/nocaps/images/51da239e2fc5d489.jpg	A person has their fingers on a keyboard.
data/nocaps/images/e3d1cf39905a683e.jpg	A boy is flying kites that look like octopuses in the wind/
data/nocaps/images/de5aecf60e2319d7.jpg	A girl is bowling in a bowling alley.
data/nocaps/images/311f6067668e03cb.jpg	Salmon and asparagus are being prepared on a grill.
data/nocaps/images/c7e5f40a0f905e5b.jpg	a women is in a gym playing volleyball.
data/nocaps/images/c805f33d512eb7ef.jpg	A medium sized rocket being launched in the desert.
data/nocaps/images/415a5b34fee7aa9e.jpg	A person steering the wheel of a boat containing people
data/nocaps/images/f64f563451625a54.jpg	two plates with stacks of pancakes, one with bandannas, one with berries
data/nocaps/images/0ba9d2cc31b93d70.jpg	An outdoor cafe sits empty, but the lights inside are turned on.
data/nocaps/images/f7f4da25a4927cdd.jpg	A public bathroom with four sinks and two trash bins.
data/nocaps/images/80f73bb50ae00d60.jpg	A rusted antique model tank on a mantel in front of pictures.
data/nocaps/images/cdfddb4c643d5b89.jpg	A pig confided inside a stall at a stock event.
data/nocaps/images/bd12ea92bcab1afd.jpg	A black car is parked on the side of the road.
data/nocaps/images/115ca6aa3522da5a.jpg	A large ornate vintage chair sits on a tile floor in a room.
data/nocaps/images/a90c22661fe961ff.jpg	A light bulb is circular and turned on.
data/nocaps/images/588594ab25a52fe7.jpg	a pillow with an image of a bird on a blue vase.
data/nocaps/images/c3850f8a5eaaeb52.jpg	A green cocktail in a glass filled with ice.
data/nocaps/images/0651726e8927e5b5.jpg	The top of a woman's head is seen as she has a neat hairstyle and wears a red rose clip above her ear.
data/nocaps/images/c9f002927ee6638d.jpg	Woman in a bikini looks down with the water behind her.
data/nocaps/images/d6c5271e96ec1a61.jpg	A yellow parking meter sitting in a parking lot.
data/nocaps/images/d8c4672016d49986.jpg	A baby kangaroo is hiding under its mama in the green grass.
data/nocaps/images/a09c0a09a49ec6ec.jpg	A large scorpion with long pincers on a rock.
data/nocaps/images/3722904d5b45c676.jpg	The woman wearing the wedding veil and white dress is also wearing red shoes.
data/nocaps/images/3d0632f06eb870d1.jpg	People playing an outdoor game in the grass in front of a building.
data/nocaps/images/d46ed93ec5041c0c.jpg	Multiple ginger bread houses on a table.
data/nocaps/images/18f5b21c06c6f3d1.jpg	A woman sitting off to the side on an old chair with a laptop.
data/nocaps/images/ed4ea185d70e8b7d.jpg	A trolley bus is driven around a big city.
data/nocaps/images/eac4dfdf82776151.jpg	A room filled with books from floor to ceiling.
data/nocaps/images/158ec4ca568dad4a.jpg	Multiple dogs playing at an outside dog park.
data/nocaps/images/345b2d7adfc11e68.jpg	Three  sheep graze in the grass on a hillside.
data/nocaps/images/c7a6a5f2a8f674ce.jpg	People in rugby uniforms are playing on a field.
data/nocaps/images/9c9d7f518c96cad9.jpg	A horse pulling a carriage down the street.
data/nocaps/images/5df386da132b567b.jpg	Lady is giving something to a woman in the field
data/nocaps/images/3a15c1f701512008.jpg	A white teddy bear sits beside a brown teddy bear on a counter top.
data/nocaps/images/17c50225a124dd6c.jpg	A vehicle that is sitting in a parking lot.
data/nocaps/images/56fd536256dae19b.jpg	A woman in a white coat with a stethoscope.
data/nocaps/images/9c54662ca0b0074f.jpg	A pink pop up tent filled with different toys placed in the corner of the room
data/nocaps/images/6bf467287bbb6e8b.jpg	A cell phone screen showing a website comparing the iPhone to a Blackberry.
data/nocaps/images/f89f1c0793c6947f.jpg	Two people in a fencing match with a woman walking by in the background.
data/nocaps/images/8ff9c2dbfaf2608d.jpg	A statue of a Buddha with a crack running from the chest to the neck.
data/nocaps/images/41610b3b53176620.jpg	A woman with short brown hair and a green floral shirt.
data/nocaps/images/ed402095559e0374.jpg	A white trailer parked next to a white pickup with trees nearby.
data/nocaps/images/ecd4936663b81f2c.jpg	A red and black tent on a patch of lawn.
data/nocaps/images/2c4004388f263f72.jpg	Jockeys on horses racing around a track.
data/nocaps/images/3af9875f8db050b8.jpg	A man in a black cowboy hat with a red guitar strap.
data/nocaps/images/96dd97e7202ab34e.jpg	A pickup truck is parked in a parking lot with a man looking it.
data/nocaps/images/5b42b58ab16c05c0.jpg	A person in a blue hoodie and blue jeans riding on a rip stick.
data/nocaps/images/9ebaf21ed8d77e95.jpg	Florida State University's game line up for two months.
data/nocaps/images/ef19b86262c37f07.jpg	A man with a blue shirt and yellow tie is sitting at a desk with a white board behind him.
data/nocaps/images/60e96ffa25d1eece.jpg	A young boy standing next to an older man smiling.
data/nocaps/images/4d0180f8f03f1540.jpg	A CROWD WATCHING A HERD OF SHEEP MOVING ON THE ROAD.
data/nocaps/images/4a05a4f0b4914657.jpg	A bar in a room with white walls and wood floors.
data/nocaps/images/07d49ad2075e876b.jpg	a gray sports car parked in a lot with other cars
data/nocaps/images/358f2b254e1760bf.jpg	A fancy looking anniverssary cake sitting on a table.
data/nocaps/images/64c9f3614d5e8168.jpg	Two kids with helmets sitting on a skateboard with a scooter behind them.
data/nocaps/images/ed6fd1df89836efe.jpg	A pair of glasses sitting to the left of a computer mouse.
data/nocaps/images/0dd0335c8cfd2ddf.jpg	Candy placed on a table for wedding guests to enjoy.
data/nocaps/images/f96805120c622954.jpg	A man with a broken arm with a pool stick behind his back to perform a trick shot.
data/nocaps/images/8f0145255b05f727.jpg	A pretty young blonde woman holding a bright bouquet of flowers and wearing a turquoise halter top.
data/nocaps/images/8181c7a25f6be571.jpg	A bowl of glistening pasta is accompanied by vegetables, meat pieces, and a sprinkling of cheese, a knife and fork sitting on either side.
data/nocaps/images/e16b10bb678e621b.jpg	Several goat are in different areas of a tree.
data/nocaps/images/555067f983daee81.jpg	A man smiles while wearing red, green, and white Joker makeup.
data/nocaps/images/5b0a470ee1672296.jpg	A kitchen with brown cabinets and yellow walls with a single bowl sink.
data/nocaps/images/381e05a98aaf2646.jpg	The bike is there with a girl flipping off of it.
data/nocaps/images/be84a3da54658167.jpg	toilet inside a restroom with trash can on the side
data/nocaps/images/caa98d88a9dfde29.jpg	Several people are standing around observing this red car.
data/nocaps/images/1e061e68d00660d3.jpg	An pair of otters are standing in the water.
data/nocaps/images/627f9e6d648f2768.jpg	Several sprouts of blue flowers are among the tall grass here.
data/nocaps/images/4f291954b1c4240d.jpg	A red sedan waits at a traffic light.
data/nocaps/images/1669479168968bcc.jpg	A person riding a motorcycle with a side cart on it and their dog riding in it.
data/nocaps/images/8d410f163435580c.jpg	A large smooth melon sits next a a smaller, rough melon in a basket.
data/nocaps/images/ed39ece290eabd5d.jpg	Person in jumpsuit and helmet riding motorcycle around curve.
data/nocaps/images/0e6e3f9b4fbfb5f2.jpg	A woman is wearing a bikini on the beach near an ocean with sunglasses on.
data/nocaps/images/78423245036c424a.jpg	A wood nightstand with some aging to it.
data/nocaps/images/f8d18b6e6302d6c5.jpg	cattle grazing on green grass with a tree in the forefront
data/nocaps/images/8d4d6659f45bd396.jpg	The coat is tehre with the person doing nothing.
data/nocaps/images/48bd83368a70defc.jpg	A view of outside road from a cafe window.
data/nocaps/images/7a7febe6b57b77ef.jpg	A big bowl of wide pasta in a black bowl.
data/nocaps/images/d0ae7b86f30a2f57.jpg	An emu is standing behind a wooden fence.
data/nocaps/images/a640bec75c8b9bbb.jpg	Two red bikes parked into a rental meter.
data/nocaps/images/e6697e428ab70f7c.jpg	A young boy slouched down into a brown couch.
data/nocaps/images/d2146d47c4cf025b.jpg	A man in a t-shirt and glasses holding a drink.
data/nocaps/images/d92cc9bff289959b.jpg	A man swings at a baseball while people watch from behind a fence.
data/nocaps/images/e7e921cb531a874a.jpg	A group of law enforcement with their guns raised at someone.
data/nocaps/images/edde940094eba7aa.jpg	A fancy looking salad with fruits nuts and vegetables.
data/nocaps/images/b809013feee5805a.jpg	Two gondolas moving between buildings on the water.
data/nocaps/images/79856958bd00cbf8.jpg	A group of people using a rope to climb a crevice.
data/nocaps/images/32cc3e223017135d.jpg	A man in a gym is playing a game with a plastic ball as a man watches nearby.
data/nocaps/images/56c102589620b50d.jpg	The boxes are stacked up and surrounded by assorted cookies.
data/nocaps/images/270014837523e494.jpg	Collection of baby sheet standing in the grass behind a wire fence.
data/nocaps/images/42c36ba3ef87c91f.jpg	A man swimming wearing a swim cap and goggles.
data/nocaps/images/eec6d050a12fec7d.jpg	a tall office building with windows and belconys
data/nocaps/images/50fc4e3695dc7c0e.jpg	A cup is full of coffee on a saucer next to a cookie and creamer.
data/nocaps/images/19d4b405c051565d.jpg	The plate contains corn dogs and french fries.
data/nocaps/images/ce7aae56d7607c50.jpg	TWO SETS OF CHEST OF DRAWERS IN GREY COLOR.
data/nocaps/images/ee066cfc214185cb.jpg	Zoomed in view of a white dinner plate decorated with a dark green floral design.
data/nocaps/images/245864fdd2d7b6b8.jpg	A group of people by the table wearing blue shirts.
data/nocaps/images/df9cb342a2c613e4.jpg	A clear vase holds some plants with colorful flowers.
data/nocaps/images/0cc158ea5f7dd1b2.jpg	A camel is walking on top of a sand hill.
data/nocaps/images/5456bd0a6e0c8c40.jpg	A casserole with bread on top and drizzled with oil.
data/nocaps/images/c0186cb7d9291aa1.jpg	A man wearing a yellow life vest paddling a kayak.
data/nocaps/images/1b8c4e46421a0a9f.jpg	A person dressed up in a costume in a black suit, a black fedora, white face paint, heavy black eye shadow, and black lipstick.
data/nocaps/images/267e9f6a4a56df0f.jpg	The avocado is full of guacamole and has shrimp in it.
data/nocaps/images/3d7c1992e44fa547.jpg	A cat with a white belly lays in the lap of a young girl who has her head on another woman's lap.
data/nocaps/images/1f2fa43cd79182ba.jpg	Nursery with white crib , pink dresser and cushioned rocker
data/nocaps/images/302f4e12ac89a45d.jpg	white cake with chocolate strawberries and colorful candles
data/nocaps/images/36f8e72cc0c8a851.jpg	A person having the mouth of saxophone in his mouth
data/nocaps/images/8d44775ffa0bbc02.jpg	A woman stands in a field of tall grass and smiles at the camera.
data/nocaps/images/16bb316c7c76b5a5.jpg	A laptop, computer mouse and telephone are sitting on a desk.
data/nocaps/images/f470e767bb1f5070.jpg	The large track is parked along the sidewalk.
data/nocaps/images/c1e0bbb5268a0497.jpg	A black cat sitting in the sink next to a faucet.
data/nocaps/images/cecebfac91ae2c38.jpg	Man wearing hat, glasses and white shirt making sushi behind a counter.
data/nocaps/images/6846c275ded01f85.jpg	A black Cadillac has an orange colored license plate with the letters BLK-MJK.
data/nocaps/images/b29dbe546b191404.jpg	A person wearing a swim cap swims with a ball in his hand.
data/nocaps/images/2facee1ed56caeae.jpg	A brown moth sits on the leaf of a fern.
data/nocaps/images/020feca9b536f1fe.jpg	Thge bike is theree going through the large street.
data/nocaps/images/462e41b6bcc5140f.jpg	A white vehicle with a red car behind it and people in the background.
data/nocaps/images/084d79827d3d15d3.jpg	A white wooden table sits alone in a room.
data/nocaps/images/2f374e2a45765707.jpg	A large pond and a fountain in the middle of it
data/nocaps/images/13f5b9cca4a92e68.jpg	A red truck parked on a drive way next to a bench.
data/nocaps/images/9ba50cb2198a23d8.jpg	A tower so tall it reaches up to the cloudy sky.
data/nocaps/images/3339cba64cb1927e.jpg	People gather around tables in the covered patio.
data/nocaps/images/3a87f9cb8d6cd23a.jpg	a man in a white apron setting up a camera
data/nocaps/images/2669fd1d66e03b61.jpg	A ornamental plate placed on a stand on its side
data/nocaps/images/0293d27f2c20c95e.jpg	A guy is playing a guitar in nice clothes
data/nocaps/images/7a9bf369bbbbe699.jpg	A plate of fried fish and chips and some lemon wedges.
data/nocaps/images/abd556f244c58f8a.jpg	A man in a blue shirt playing table tennis in front of a crowd.
data/nocaps/images/795e253e4f447d2b.jpg	A pretzel with sauce and vegetables is on a wooden serving board.
data/nocaps/images/9fd8fee180c9c9de.jpg	People are in different states of undress at a beach.
data/nocaps/images/69788246df023ddf.jpg	A beekeeper in his uniform retrieves a beehive.
data/nocaps/images/4ed094f11037b059.jpg	A man dress in all white is leading a camel pulling a cart along a road.
data/nocaps/images/c9ebd63bc789073a.jpg	The peels of oranges are removed using a knife.
data/nocaps/images/0f035310e56b3ac5.jpg	The three horses are in a dirt enclosure.
data/nocaps/images/66907d825ff624cb.jpg	Cool refreshing fruit and lemon juice on a glass.
data/nocaps/images/ad8872dc3eebf99b.jpg	Flowers with pink pedals in a vase on the table.
data/nocaps/images/996c6e243b7e321c.jpg	People paddle on row boats in the water.
data/nocaps/images/f2938a1f2aacff10.jpg	The kitchen countertop with sink and wooden cabinetry.
data/nocaps/images/96657f71a20cac23.jpg	The shower is large and apperast to be old.
data/nocaps/images/b376bb89e4e831ac.jpg	A white dog sitting in a cage on a purple towel.
data/nocaps/images/43f3d79caf46169c.jpg	The hamburger with the fried egg is sitting on a plate next to french fries.
data/nocaps/images/2829d066c838c8dd.jpg	A camouflaged military helicopter sitting at an airport.
data/nocaps/images/9ae2d9c5782e3d8c.jpg	Someone is pretending that they have a stuffed animal head.
data/nocaps/images/4d1b9c4c85ad5b04.jpg	A red panda is on the grass and under a branch.
data/nocaps/images/04ccb05e32dc45de.jpg	A dog sitting beside a man walking on the lawn
data/nocaps/images/21d49b0df09b3757.jpg	A man in a suit is wearing glasses.
data/nocaps/images/9116118661cfa029.jpg	A dessert shelf at a deli filled with different cakes and doughnuts.
data/nocaps/images/7ed083073a0ed613.jpg	a kitchen dishwasher is open in the kitchen.
data/nocaps/images/f420778f40947757.jpg	Four animals that look like deer grazing in tall grass.
data/nocaps/images/8f08cb18c27fbaa7.jpg	Two bicyclists are riding along each other on a road.
data/nocaps/images/435403de8dcf2f76.jpg	A closeup of a bedazzled manicure featuring hearts, bows and roses.
data/nocaps/images/570c1cf91cc7e966.jpg	Drawings of a red lobster above a green lobster.
data/nocaps/images/ad73e2347ffd4af6.jpg	A man in the air that is snow boarding in a snow suit.
data/nocaps/images/01bef5827cab386c.jpg	A white stove with black burners is in the middle of a kitchen counter.
data/nocaps/images/ece322ca4786d582.jpg	A man holds a tennis rack off of the court.
data/nocaps/images/828aaadfb66dacf6.jpg	Three outdoor images stacked vertically with a black and white bird in top picture.
data/nocaps/images/c0605f7f70c79a44.jpg	A porcupine with its nose in the green grass.
data/nocaps/images/3ecead421079f9fd.jpg	The sink is still wet and has condoms floating around in it.
data/nocaps/images/093cf2c963e1fa76.jpg	Stack of folded clothing in shades of pink
data/nocaps/images/9ba56debc7e20d8c.jpg	Dark blue velvet curtains hanging from a window.
data/nocaps/images/7a9767c9f102b469.jpg	A young boy is seen riding a bicycle and doing tricks in a competition.
data/nocaps/images/dafca9a9902df3ff.jpg	The yellow buggy was decorated for the fall season.
data/nocaps/images/fc883cf5aefd6b7e.jpg	A rhinoceros that looks really old and has a big horn is walking towards a gate with plants
data/nocaps/images/4097b4d92f498dfa.jpg	Two small black convertibles parked next to the ocean.
data/nocaps/images/63e2c41f873864a3.jpg	Brown haired girl sitting on settee with Santa
data/nocaps/images/a4d3bd325d41480d.jpg	up close shot of asparagus plant's all lined in row's
data/nocaps/images/a8c4da25c90c4245.jpg	A young woman in a bathing suit lies down on a towel.
data/nocaps/images/4fa6f0a5f32109d5.jpg	A man with hat is looks like a old film actor.
data/nocaps/images/cf700b7b9b21abaa.jpg	A hamburger with a tomato slice and onions sits on a plate next to some fries.
data/nocaps/images/c6324f32dbc3a847.jpg	A boy in a helmet crashed his bike in the street.
data/nocaps/images/06d1d39cbea07874.jpg	Five skiers are competing on front spectators.
data/nocaps/images/93efde7b40f6e375.jpg	A cup of coffee with a creamy top sits on top of a saucer.
data/nocaps/images/ab5fdf508731f851.jpg	A fox standing next to a bush in the field.
data/nocaps/images/b099d0e7e234f4f0.jpg	A fastfood hamburger with two patties, cheese, and pickles.
data/nocaps/images/8f939cbb01f114d1.jpg	A man performs a trick with a bicycle.
data/nocaps/images/bc37ccba2857d1e7.jpg	A man with no shirt wearing sunglasses and headphones.
data/nocaps/images/b44438f638c80b08.jpg	Two white and orange Coi fish swimming near the surface of the water
data/nocaps/images/fb548bd4e87c660b.jpg	A woman in a red shirt and black pants is jogging.
data/nocaps/images/988888b4794b2981.jpg	A woman is playing a violin in front of a microphone.
data/nocaps/images/c2222bf03ac66a11.jpg	A goat is fed through a grate by a person with a bottle.
data/nocaps/images/e5c67a5fb7c58b74.jpg	A INSECT HOLDING A POLLEN GRAIN IN ITS LEG.
data/nocaps/images/2cff2da279756f7a.jpg	A bright blue dragonfly is on a green leaf.
data/nocaps/images/0e5b842f270f18a1.jpg	Several bowls of food are sitting on a table.
data/nocaps/images/897b8f010cd0869e.jpg	A man is sitting in a dark room holding a flute in front of him.
data/nocaps/images/c2ed6ddf764b96d4.jpg	Hotel room with white linens, and beige walls.
data/nocaps/images/38a18dda6a0e761f.jpg	Several people are enjoying fancy dining at circular tables filled with fancy food items.
data/nocaps/images/25beaca253df08d1.jpg	An L.L. Bean pocket knife, opened to show two blades.
data/nocaps/images/81684fbe58540aa5.jpg	Man with dark hair wearing penguin design shirt with large green tag on it.
data/nocaps/images/7ff05f195437d318.jpg	A girl in the pool is wearing a swim cap and goggles.
data/nocaps/images/542668e4fe44ad3e.jpg	Green pear like fruit hanging from a tree branch.
data/nocaps/images/786ec4e1573cec74.jpg	A person is wearing blue and red striped socks.
data/nocaps/images/cc7df808175c6886.jpg	The dual cab, dual wheeled truck has been heavily modified to sit extremely low on it's tires down to the ground and has a cover on the bed making it almost look like a limousine.
data/nocaps/images/2250c417f8fdede6.jpg	The flower is coming from a cactus and is in a pot.
data/nocaps/images/ecbfd9984a9c4f94.jpg	A boy is on a surfboard in the water being pulled by a boat.
data/nocaps/images/43ec4aa29ee2b16a.jpg	A man wearing a black sweater and jeans is standing alone.
data/nocaps/images/8b17a8c79a847ff2.jpg	A black swan standing in front of another black swan
data/nocaps/images/3f74cd65e54abec5.jpg	White fishing boat with wood front riding crest of wave
data/nocaps/images/636eb68a603c051a.jpg	A woman staffs a table during an outdoor event, talking to two interested people.
data/nocaps/images/f0451a511ead5f85.jpg	A cocktail has a red straw and a sprig of mint in it.
data/nocaps/images/90587cd2a48e96d9.jpg	Man wearing white hat, blue ahirt and waders holding fish in hands while kneeling in water.
data/nocaps/images/5573d8a084ba4771.jpg	A little girl wearing black winter clothing is lying on the ground making a snow angel.
data/nocaps/images/743634cc3cd62061.jpg	A soccer player runs behind the ball as an opponent runs toward her.
data/nocaps/images/38f481601bac0d4a.jpg	Two beds with a night stand in between them.
data/nocaps/images/bd8497bf937e435b.jpg	A small yellow toy car sits on a wooden surface.
data/nocaps/images/8a945a5b087bd0ff.jpg	The saucer has rounded edges and a floral design on it.
data/nocaps/images/9e2f4813f9ae1a94.jpg	White and pink flowers with yellow buds and a bee collecting pollen
data/nocaps/images/cb4b97a7ccd2d5a5.jpg	A mass of luggage and bags lay entangled.
data/nocaps/images/a17259b464419495.jpg	A room filled with wooden tables and white chairs.
data/nocaps/images/af1a774291e5c33d.jpg	A man holding a chicken with a fence behind him.
data/nocaps/images/942e91b079b37c7f.jpg	A fat hamster sits in the open palm of a person.
data/nocaps/images/5894684a6f19c9a5.jpg	A red car is parked outside of a church.
data/nocaps/images/37625d59d0e0782a.jpg	A shop with concrete floors and rows of bicycles.
data/nocaps/images/5502a35f0f5ef825.jpg	The skinny man is wearing all black with black hair.
data/nocaps/images/16aaa6421eaf9905.jpg	A male musician plays percussion and a didgeridoo outside.
data/nocaps/images/7e56e4983ad94787.jpg	A collection of white jellyfishes inside the water
data/nocaps/images/26557008b4fcf408.jpg	A woman in green bikini hitting a volleyball¬
data/nocaps/images/449126545a08f582.jpg	A pink bird house with butterflies on the outside.
data/nocaps/images/649183b50912e60c.jpg	Two dolls are sitting in a room with big hair.
data/nocaps/images/c8cf94eda20e3fb3.jpg	A long silver sword laying on a black or dark blue cloth.
data/nocaps/images/77abfe5ae3c81255.jpg	A man is watching over a large group of sheep
data/nocaps/images/039beb511fd1e7f7.jpg	A tabby cat sits on a wood floor next to footwear.
data/nocaps/images/0231a6350d53e54f.jpg	A group of men competing in a wheel chair basketball game.
data/nocaps/images/0c6b2d13e3a2f679.jpg	The woman is wearing a pink lace skirt and a white shirt.
data/nocaps/images/0f337c14a27b2473.jpg	A man wearing a brown suit standing on grass holding a large dog on a leash
data/nocaps/images/00cd12b9ee1905a7.jpg	An r/c car has its shell sitting next to it.
data/nocaps/images/508252750223d78f.jpg	A woman wearing a suit and bowtie is pouring a drink in a bar.
data/nocaps/images/2016eb0aad648088.jpg	A man and three kids are in a jacuzzi in the snow.
data/nocaps/images/ef1bd7b718a3f6e8.jpg	A woman is riding in a long, narrow blue bicycle holding a folding table smiling next to a car in a parking lot
data/nocaps/images/6ccc209d5842e1c9.jpg	A drawing of two turtles or tortoises
data/nocaps/images/6e00fa053d780568.jpg	A red panda has something in it's mouth and is standing on a branch inside of a small forest.
data/nocaps/images/67bad60ec0f7af00.jpg	An old copper tea kettle resting on a black trivet.
data/nocaps/images/799b0541c43131b2.jpg	Two shellfish that are next to each other on a bed of gravel.
data/nocaps/images/097d056ffa82fced.jpg	A clock tower has Roman and Arabic numerals.
data/nocaps/images/2523ac25dfbfa2f8.jpg	A kitchen with stainless steel appliances, granite countertops, and wood flooring.
data/nocaps/images/c0cb67b6269381ec.jpg	Two sea lions are sitting on a dock by the water one is standing and the other is laying down
data/nocaps/images/7e3995662ab71c22.jpg	a tall statue with a fountain in front of a building.
data/nocaps/images/16f352b006a890cd.jpg	A group of young men sitting in a lobby with couches.
data/nocaps/images/d9ee0aa080c3f5a1.jpg	A  nice  quite room somewhat smaller that can only hold one  table and  a  few chairs
data/nocaps/images/75af61ac171379a9.jpg	A man standing on a surfboard and moving it with a paddle.
