/bighome/dkamebley/vlm_mia/data/nocaps/images/3ca740fca45953bd.jpg	The guy in green jacket watches the man ski.
/bighome/dkamebley/vlm_mia/data/nocaps/images/8f9f58fba78dda25.jpg	A pancake on a white plate that has syrup on it.
/bighome/dkamebley/vlm_mia/data/nocaps/images/aea130b771355e8b.jpg	Two men on opposing teams reach for a basketball.
/bighome/dkamebley/vlm_mia/data/nocaps/images/08633d6cdda962f2.jpg	A brown and gray sea lion looking at the photographer.
/bighome/dkamebley/vlm_mia/data/nocaps/images/7e838bcfab6fd1fb.jpg	Three white color plush dogs on the floor.
/bighome/dkamebley/vlm_mia/data/nocaps/images/0e7294d6ce0c1ee3.jpg	A fluffy white dog laying down outside while people talk.
/bighome/dkamebley/vlm_mia/data/nocaps/images/1d66fa7538e148e9.jpg	A small striped tortoise sits upon a rock.
/bighome/dkamebley/vlm_mia/data/nocaps/images/c3ea1d6ee9591a18.jpg	A man standing outside holds onto a heavy weight bar.
/bighome/dkamebley/vlm_mia/data/nocaps/images/2aa26da9070c92b2.jpg	Shrimp in dark pasta on a white plate.
/bighome/dkamebley/vlm_mia/data/nocaps/images/0ffac13dd8775446.jpg	The face of a lifelike doll who is wearing jewelry.
/bighome/dkamebley/vlm_mia/data/nocaps/images/c49987d142c11b96.jpg	a very large crowd fills most of the stadium at a basketball game
/bighome/dkamebley/vlm_mia/data/nocaps/images/09c0e499d462dabc.jpg	Baby boy in blue being held over a red backdrop.
/bighome/dkamebley/vlm_mia/data/nocaps/images/e53df3b585deaf1d.jpg	A dish of food of chips and guacamole
/bighome/dkamebley/vlm_mia/data/nocaps/images/d6f555694b216c17.jpg	A man in glasses and a scarf holds a camcorder.
/bighome/dkamebley/vlm_mia/data/nocaps/images/9b4f18da45243907.jpg	Three people are working out in a gym.
/bighome/dkamebley/vlm_mia/data/nocaps/images/41252915ac13a574.jpg	A bunch of potatoes, some of which have sprouted, around a bottle of wine.
/bighome/dkamebley/vlm_mia/data/nocaps/images/41bece651eeeb9bc.jpg	A person is looking through a magazine in front of a rack of magazines.
/bighome/dkamebley/vlm_mia/data/nocaps/images/d9d6b1343c21855a.jpg	Group of four men wearing instruments, three of whom are wearing brightly colored sunglasses.
/bighome/dkamebley/vlm_mia/data/nocaps/images/6a4747066ffd113f.jpg	A police van sits parked near a triangular sign.
/bighome/dkamebley/vlm_mia/data/nocaps/images/b8942e8ca4682cb2.jpg	A cricket player missed the ball and another player is about to catch the ball with his glove.
/bighome/dkamebley/vlm_mia/data/nocaps/images/31d7a828a6eb7961.jpg	A breakfast sandwich has ham and egg in the middle.
/bighome/dkamebley/vlm_mia/data/nocaps/images/7e3c6a9b812e13f4.jpg	Two antique cars, one has a stuffed lion in the back seat.
/bighome/dkamebley/vlm_mia/data/nocaps/images/d2343d20f7cc6e48.jpg	A black and white butterfly landing on a small pink flower.
/bighome/dkamebley/vlm_mia/data/nocaps/images/b1cae8a8600781c6.jpg	A bowl of red sauce pasta and a three leave herb with a fork and knife beside it.
/bighome/dkamebley/vlm_mia/data/nocaps/images/dd5669c3169e107a.jpg	A blonde man with facial scruff, is hugging a red haired lady.
/bighome/dkamebley/vlm_mia/data/nocaps/images/8c88b34d47f38c0b.jpg	The vehicle is being introduced for power farming.
/bighome/dkamebley/vlm_mia/data/nocaps/images/c09a331e62a12d04.jpg	This pan of cake is topped with strawberries.
/bighome/dkamebley/vlm_mia/data/nocaps/images/ef63472df93b9fff.jpg	A polar bear cub sits behind the foreleg of its' parent.
/bighome/dkamebley/vlm_mia/data/nocaps/images/106416971fe2f7ee.jpg	A group of people rowing a boat on the water.
/bighome/dkamebley/vlm_mia/data/nocaps/images/69f87f239d88063f.jpg	A THIN DRAGON FLY IS SITTING ON THE GRASS.
/bighome/dkamebley/vlm_mia/data/nocaps/images/2914a357e04fdc8f.jpg	A silver and black flashlight with a strap is laying on a table.
/bighome/dkamebley/vlm_mia/data/nocaps/images/f279bdbfc6d2986e.jpg	A person is sitting at a table with several dishes of food on it.
/bighome/dkamebley/vlm_mia/data/nocaps/images/21bf3a99e1062d37.jpg	A man wearing sunglasses and a cowboy hat looks off into the distance.
/bighome/dkamebley/vlm_mia/data/nocaps/images/668233ba2eb61801.jpg	The white tray is filled with used dirty tea pots . coffee mugs,  and tableware.
/bighome/dkamebley/vlm_mia/data/nocaps/images/d1d61f08ef8a2186.jpg	Cauliflower and broccoli have a separate stick stuck through them with over a container.
/bighome/dkamebley/vlm_mia/data/nocaps/images/65971b93a1020620.jpg	A dark yellow tractor sitting in the snow with a school bus behind.
/bighome/dkamebley/vlm_mia/data/nocaps/images/e9470ec788b2f530.jpg	A woman in standing bare foot next to some womens shoes.
/bighome/dkamebley/vlm_mia/data/nocaps/images/e5a44655207bfbef.jpg	A man is wearing a white shirt and khaki shorts.
/bighome/dkamebley/vlm_mia/data/nocaps/images/3e3bd7fdd3c6674e.jpg	A man is drinking beer while sitting on a golf cart.
/bighome/dkamebley/vlm_mia/data/nocaps/images/c59a5b26c1404980.jpg	A GOLDEN COLOR FISH IS CLEARLY VISIBLE IN THE SHALLOW WATER.
/bighome/dkamebley/vlm_mia/data/nocaps/images/a3297cae5305f27b.jpg	Three women's legs that are wearing pink and black striped socks.
/bighome/dkamebley/vlm_mia/data/nocaps/images/04f12bbcec6bb9e1.jpg	two bright green frogs standing on a green branch
/bighome/dkamebley/vlm_mia/data/nocaps/images/06aabc23f48f9eaa.jpg	Several men in uniform aiming guns in a grassy area.
/bighome/dkamebley/vlm_mia/data/nocaps/images/6b0c2674ffb60b2b.jpg	A young blonde man in black shorts is on a white surfboard riding a wave.
/bighome/dkamebley/vlm_mia/data/nocaps/images/3d93458d9b114321.jpg	A wooden filing cabinet with two drawers and a lock.
/bighome/dkamebley/vlm_mia/data/nocaps/images/2059c3040ad9cdd3.jpg	Two people fighting in a ring, with boxing gloves and helmets.
/bighome/dkamebley/vlm_mia/data/nocaps/images/f021fd21d0d65f5f.jpg	A man dressed in biking gear and wearing a helmet on a city street.
/bighome/dkamebley/vlm_mia/data/nocaps/images/ae6a940465b34ad0.jpg	A shower with a glass door and a tan wall.
/bighome/dkamebley/vlm_mia/data/nocaps/images/f4407d452f8fcc4e.jpg	A bride and groom stand with another man and women and all are dressed in suits and dresses.
/bighome/dkamebley/vlm_mia/data/nocaps/images/ea9126109a2a4d17.jpg	A cabbage salad with sliced lemons served on a white plate.
/bighome/dkamebley/vlm_mia/data/nocaps/images/1a76ab19a5a15dfb.jpg	A painting of lavenders with a green border and username logo.
/bighome/dkamebley/vlm_mia/data/nocaps/images/a8b164235b631065.jpg	A man with head phones and holding a guitar.
/bighome/dkamebley/vlm_mia/data/nocaps/images/164826e3bd841a74.jpg	Palm fronds surround the coconuts in the tree.
/bighome/dkamebley/vlm_mia/data/nocaps/images/00db41a79f8def5b.jpg	Two lynxes sitting next to each other on a rock
/bighome/dkamebley/vlm_mia/data/nocaps/images/067e21aeda713b53.jpg	A person playing nice music on his violin.
/bighome/dkamebley/vlm_mia/data/nocaps/images/5807f929da225781.jpg	A grand piano and a stool in front of it
/bighome/dkamebley/vlm_mia/data/nocaps/images/ce442e81fded4107.jpg	A room with bunk beds and a desk near it.
/bighome/dkamebley/vlm_mia/data/nocaps/images/439620894420a325.jpg	An exotic bird stands on a tree that doesn't have leaves.
/bighome/dkamebley/vlm_mia/data/nocaps/images/5c07c6eafa313603.jpg	A waffle with strawberry sauce and whipped cream.
/bighome/dkamebley/vlm_mia/data/nocaps/images/0776f29d160b1788.jpg	The standing people are watching the two sledding down the hill.
/bighome/dkamebley/vlm_mia/data/nocaps/images/0b3445eeb72b3803.jpg	A class room full of white and black furniture.
/bighome/dkamebley/vlm_mia/data/nocaps/images/5e77e54ee62483fe.jpg	A woman is wearing a blue top running on a field.
/bighome/dkamebley/vlm_mia/data/nocaps/images/897485e4e7699ab2.jpg	A person is leaned against the tree with his hands on someone's waist.
/bighome/dkamebley/vlm_mia/data/nocaps/images/78c0ae32619d0b2a.jpg	A crib in a hospital room has toys on the mattress.
/bighome/dkamebley/vlm_mia/data/nocaps/images/72629128427cf83c.jpg	A fish is baking in a small oven.
/bighome/dkamebley/vlm_mia/data/nocaps/images/52df5aaa15e6cd70.jpg	A woman in a blue top with a young boy on one side and a young girl on the other.
/bighome/dkamebley/vlm_mia/data/nocaps/images/51e33647f123f1f2.jpg	A large group of penguins standing on the beach.
/bighome/dkamebley/vlm_mia/data/nocaps/images/6b9fc961a434ab72.jpg	women in a blue shirt sitting beside a man in a gray shirt both at a desk
/bighome/dkamebley/vlm_mia/data/nocaps/images/e3e0a6f367ae14cc.jpg	A guy wearing glasses also has a hat and jacket on.
/bighome/dkamebley/vlm_mia/data/nocaps/images/c4a86841d8181d98.jpg	An alpaca being touched by a woman holding a baby.
/bighome/dkamebley/vlm_mia/data/nocaps/images/76c8a236becb0fb2.jpg	A hamburger with bacon, cheese and lettuce on it.
/bighome/dkamebley/vlm_mia/data/nocaps/images/cdbdcb64d5e25fb9.jpg	A sculpture of an owl from a few centuries ago.
/bighome/dkamebley/vlm_mia/data/nocaps/images/b053b1f12641af60.jpg	A man and a woman looking at a camera together
/bighome/dkamebley/vlm_mia/data/nocaps/images/6ed3e3ebe9a5fde5.jpg	A woman is sitting in a chair watching television in a studio.
/bighome/dkamebley/vlm_mia/data/nocaps/images/fd96bc99468d66c2.jpg	A spoon sits on a saucer next to a cup of coffee.
/bighome/dkamebley/vlm_mia/data/nocaps/images/9caa356d543b0f14.jpg	A blue convertible has a number plate on the front grill.
/bighome/dkamebley/vlm_mia/data/nocaps/images/c63be47717631cf1.jpg	Very nice high heel women's shoes on top of a wooden surface.
/bighome/dkamebley/vlm_mia/data/nocaps/images/96b71e109e1abcec.jpg	A leopard lying on the ground playing.
/bighome/dkamebley/vlm_mia/data/nocaps/images/b7904a8837396983.jpg	Three men in uniform playing a gold trombone.
/bighome/dkamebley/vlm_mia/data/nocaps/images/712bacc974c5a760.jpg	Man that is being feed by a blonde woman with sunglasses on her hair.
/bighome/dkamebley/vlm_mia/data/nocaps/images/d3c089a8999ef98d.jpg	A human's face sculpture in bronze in front of vegetation.
/bighome/dkamebley/vlm_mia/data/nocaps/images/4c12b0b56d0064e0.jpg	A book opened up on the couch with glasses inside of it.
/bighome/dkamebley/vlm_mia/data/nocaps/images/23a41085bee808f6.jpg	Two women sit on a wall with their legs crossed.
/bighome/dkamebley/vlm_mia/data/nocaps/images/a21aa7c1d7b93d12.jpg	A green car is parked in a driveway.
/bighome/dkamebley/vlm_mia/data/nocaps/images/3f48b03fbc0cc193.jpg	Big tree with green leaves and a yellow fruit.
/bighome/dkamebley/vlm_mia/data/nocaps/images/37d1a85b903eb8c7.jpg	A man wearing red sports gear riding a go cart.
/bighome/dkamebley/vlm_mia/data/nocaps/images/0b1357a5033991a1.jpg	A stretcher in a room with medical equipment.
/bighome/dkamebley/vlm_mia/data/nocaps/images/9a319687ed18bcc3.jpg	An otter leaning against fallen trees that are surrounding it.
/bighome/dkamebley/vlm_mia/data/nocaps/images/d0ffc5d3a209d1f0.jpg	A bald man rides a bike down the middle of a road.
/bighome/dkamebley/vlm_mia/data/nocaps/images/e6d27669b2efb650.jpg	Empty living room with black sofa and yellow striped curtains
/bighome/dkamebley/vlm_mia/data/nocaps/images/df754b5d85cef4f2.jpg	A man hanging his arm out of the car window
/bighome/dkamebley/vlm_mia/data/nocaps/images/c0956222b572b19e.jpg	A children's swing set containing both slide and swings positioned by a white building and surrounded by a white fence.
/bighome/dkamebley/vlm_mia/data/nocaps/images/3284e53e6c7b2902.jpg	Multiple baskets full of peaches yellow and reds.
/bighome/dkamebley/vlm_mia/data/nocaps/images/d2109239bcd894a6.jpg	A group of people sitting around a fire with a red truck in the foreground.
/bighome/dkamebley/vlm_mia/data/nocaps/images/1d6787c750b6a6b1.jpg	A whale shark swims with several other fish nearby.
/bighome/dkamebley/vlm_mia/data/nocaps/images/a234b17c1813407c.jpg	A white mug with green wording holds brown liquid.
/bighome/dkamebley/vlm_mia/data/nocaps/images/11dcac4ca5923a58.jpg	A white bathtub and faucet under white tile.
/bighome/dkamebley/vlm_mia/data/nocaps/images/56e803d5e8c580e0.jpg	Red tables and chairs are in the children's classroom.
/bighome/dkamebley/vlm_mia/data/nocaps/images/95a1ed5eeda072ae.jpg	A group of men are peddling on the surfboard.
/bighome/dkamebley/vlm_mia/data/nocaps/images/4eba7c4cf06ce3b2.jpg	A big white screen is  in front of  a group of people .
/bighome/dkamebley/vlm_mia/data/nocaps/images/8bb2fb553f22d062.jpg	A jaguar sleeping on a branch with the sunlight hitting it's face.
/bighome/dkamebley/vlm_mia/data/nocaps/images/29f7991e696e6e3f.jpg	White van parked with personalized license plate.
/bighome/dkamebley/vlm_mia/data/nocaps/images/2bb371dc7d9c1509.jpg	An older woman, a younger woman and a baby are relaxing on a blue blanket.
/bighome/dkamebley/vlm_mia/data/nocaps/images/589eb1664bed4c06.jpg	Green grapes sit on a vine next to some leaves.
/bighome/dkamebley/vlm_mia/data/nocaps/images/fe46e0831bc27444.jpg	Women in sports jersys playing volleyball in a gym.
/bighome/dkamebley/vlm_mia/data/nocaps/images/ad27ffa8d18c3c6f.jpg	A woman is wearing an orange shirt and stretching her legs.
/bighome/dkamebley/vlm_mia/data/nocaps/images/48e6a7f6cfe8f41b.jpg	a women is wearing black jacket and blue jeans leaning against a wall
/bighome/dkamebley/vlm_mia/data/nocaps/images/b836afeed09be301.jpg	A person with a baby is walking in rows of sunflowers.
/bighome/dkamebley/vlm_mia/data/nocaps/images/3575fe8f13d43ff4.jpg	A woman with a purple shirt rowing a kayak.
/bighome/dkamebley/vlm_mia/data/nocaps/images/dcfd3caecf2ae9f8.jpg	People in yellow vests and skis moving along a path in the snow.
/bighome/dkamebley/vlm_mia/data/nocaps/images/873875bcc2e76868.jpg	a beautiful couch have two pillow on it
/bighome/dkamebley/vlm_mia/data/nocaps/images/2a0c64f59a738dbd.jpg	A boat with four women wearing matching uniforms paddling together.
/bighome/dkamebley/vlm_mia/data/nocaps/images/aee6e78ac7791706.jpg	A spider is crawling on top of a coin that is on a dirt surface.
/bighome/dkamebley/vlm_mia/data/nocaps/images/4d57648cbc715f17.jpg	a large boat in the water with the captain standing up.
/bighome/dkamebley/vlm_mia/data/nocaps/images/3a47a2f8236c8378.jpg	A sculpture in the middle of a park with trees around it.
/bighome/dkamebley/vlm_mia/data/nocaps/images/254f52cb621f1094.jpg	A blue train is coming down the tracks
/bighome/dkamebley/vlm_mia/data/nocaps/images/4dd149cc55d6c5a0.jpg	A statue of person beside a cross and holding a cane
/bighome/dkamebley/vlm_mia/data/nocaps/images/9da594ff30fa254d.jpg	Several pretty lilies that are white and purple.
/bighome/dkamebley/vlm_mia/data/nocaps/images/75df3364755c336b.jpg	A little girl in a blue shirt preparing to shoot a basket.
/bighome/dkamebley/vlm_mia/data/nocaps/images/d76c4164c1a905a7.jpg	The brown wear is there and that is it.
/bighome/dkamebley/vlm_mia/data/nocaps/images/19aa0e0ad2fa06b6.jpg	A girl takes a book from a bookshelf.
/bighome/dkamebley/vlm_mia/data/nocaps/images/025457442526f1df.jpg	A metallic face shaped like a human skeleton face.
/bighome/dkamebley/vlm_mia/data/nocaps/images/9c4d6c06fe89e558.jpg	A batch of baked goods cooking off on a bakers rack.
/bighome/dkamebley/vlm_mia/data/nocaps/images/dcd27a3569b179cd.jpg	A solarium with many potted plants on a table under the glass ceiling.
/bighome/dkamebley/vlm_mia/data/nocaps/images/df6f78c5c2fe7d9b.jpg	Large yellow snow vehicle with snow plow rake attachment driving through the snow.
/bighome/dkamebley/vlm_mia/data/nocaps/images/0709eb8e8c2d19fa.jpg	A stuffed white bear someone was playing like it was injured.
/bighome/dkamebley/vlm_mia/data/nocaps/images/e72e4fd7650c163e.jpg	A camel is holding his head up high with trees in the distance
/bighome/dkamebley/vlm_mia/data/nocaps/images/2601272daf82eec5.jpg	An egg plant, parsnip and carrots on a cutting board.
/bighome/dkamebley/vlm_mia/data/nocaps/images/383f4d01a43c5b71.jpg	The brown and white oxen are wearing a yoke while pulling a cart.
/bighome/dkamebley/vlm_mia/data/nocaps/images/e0cff9ae2c4ccba7.jpg	People look at a car while on display.
/bighome/dkamebley/vlm_mia/data/nocaps/images/6e38935a10c37c78.jpg	Two men standing in front of a table.
/bighome/dkamebley/vlm_mia/data/nocaps/images/ea1d27e168a16bcd.jpg	A woman wearing a black and white hat holding sunglasses.
/bighome/dkamebley/vlm_mia/data/nocaps/images/890c6c17a01f8134.jpg	A red panda climbing on the truck of a tree
/bighome/dkamebley/vlm_mia/data/nocaps/images/abf1d637ed2122e8.jpg	A smiling blonde woman wearing a decorative tiara with veil and a white dress with beaded and sequined short sleeves.
/bighome/dkamebley/vlm_mia/data/nocaps/images/6e51203e400842b0.jpg	Eggs of dried clay have been pierced with metal to create two earrings.
/bighome/dkamebley/vlm_mia/data/nocaps/images/0b5357531bc00419.jpg	A batter watches a pitch go by him and the catcher prepares to catch it all the while the umpire watches over the play in the baseball game.
/bighome/dkamebley/vlm_mia/data/nocaps/images/91c5e0d7bbf20fa4.jpg	Two different colored flash light can be seen that are set next to each other on a table.
/bighome/dkamebley/vlm_mia/data/nocaps/images/0cc10060985b5867.jpg	The street was the best place to practice on the skateboard.
/bighome/dkamebley/vlm_mia/data/nocaps/images/45c4d088c7bee1c8.jpg	Plate of food including cucumbers, carrots, and peppers.
/bighome/dkamebley/vlm_mia/data/nocaps/images/edf5cfbf315c94c3.jpg	A bottle of Nivea face wash against a white background.
/bighome/dkamebley/vlm_mia/data/nocaps/images/58b9f0a6a926368d.jpg	A red haired young man stands holding a pool stick ready to hit a ball.
/bighome/dkamebley/vlm_mia/data/nocaps/images/ecef5e811a62e966.jpg	Two birds sit together in a bowl of leaves.
/bighome/dkamebley/vlm_mia/data/nocaps/images/2f11b580522c99e4.jpg	The shelf has very little food on it.
/bighome/dkamebley/vlm_mia/data/nocaps/images/d5bc065dcbf157d6.jpg	Orange sports car parked in a parking lot near a plant.
/bighome/dkamebley/vlm_mia/data/nocaps/images/c4c590ac7b1778fd.jpg	a man in suit and a women sitting together in front of the table
/bighome/dkamebley/vlm_mia/data/nocaps/images/dd424886ee4db1df.jpg	A young woman holding a glass of beer stands close to another young woman.
/bighome/dkamebley/vlm_mia/data/nocaps/images/24aa01ab4f072bd4.jpg	an electric toothbrush that is still inside the package
/bighome/dkamebley/vlm_mia/data/nocaps/images/79445a6e49ee53b9.jpg	A trolly going down a city rail.
/bighome/dkamebley/vlm_mia/data/nocaps/images/584d44e700ecca50.jpg	A red and black leather sports car interior.
/bighome/dkamebley/vlm_mia/data/nocaps/images/38166c1996e40c1a.jpg	A man in a life jacket has fastened a box onto a kayak.
/bighome/dkamebley/vlm_mia/data/nocaps/images/0f25f9ba117d9552.jpg	A man paddles down a dirty river with his family.
/bighome/dkamebley/vlm_mia/data/nocaps/images/89cd3ed1aa28cc13.jpg	A picnic basket sitting on top of a cart.
/bighome/dkamebley/vlm_mia/data/nocaps/images/cf5aac4cb462746c.jpg	Very large chunks of honey comb with a swarm of bees on it.
/bighome/dkamebley/vlm_mia/data/nocaps/images/e72fd1fd98da81db.jpg	A man in an orange shirt firing a bow indoors.
/bighome/dkamebley/vlm_mia/data/nocaps/images/e4e41dce40d8337a.jpg	A blue and white soccer ball in the sand.
/bighome/dkamebley/vlm_mia/data/nocaps/images/1347925c9c5e401d.jpg	The chairs and the bars are all empty in the room.
/bighome/dkamebley/vlm_mia/data/nocaps/images/7809a3b2a8482e1f.jpg	The mule stands among the group of on lookers.
/bighome/dkamebley/vlm_mia/data/nocaps/images/30684018da0c5afd.jpg	A white cup filled with coffee on a white saucer.
/bighome/dkamebley/vlm_mia/data/nocaps/images/cd9ce6646a4ac45b.jpg	Group of people playing polo on bicycles on blacktop.
/bighome/dkamebley/vlm_mia/data/nocaps/images/5838182af71714c6.jpg	A woman standing on top of a ladder painting a house.
/bighome/dkamebley/vlm_mia/data/nocaps/images/5ea13fbbd1a1474f.jpg	two chairs are side by side in a living room.
/bighome/dkamebley/vlm_mia/data/nocaps/images/cd96d08a348989b7.jpg	a fox holding  an animal in it's mouth walking in a field
/bighome/dkamebley/vlm_mia/data/nocaps/images/51da239e2fc5d489.jpg	A person has their fingers on a keyboard.
/bighome/dkamebley/vlm_mia/data/nocaps/images/e3d1cf39905a683e.jpg	A boy is flying kites that look like octopuses in the wind/
/bighome/dkamebley/vlm_mia/data/nocaps/images/de5aecf60e2319d7.jpg	A girl is bowling in a bowling alley.
/bighome/dkamebley/vlm_mia/data/nocaps/images/311f6067668e03cb.jpg	Salmon and asparagus are being prepared on a grill.
/bighome/dkamebley/vlm_mia/data/nocaps/images/c7e5f40a0f905e5b.jpg	a women is in a gym playing volleyball.
/bighome/dkamebley/vlm_mia/data/nocaps/images/c805f33d512eb7ef.jpg	A medium sized rocket being launched in the desert.
/bighome/dkamebley/vlm_mia/data/nocaps/images/415a5b34fee7aa9e.jpg	A person steering the wheel of a boat containing people
/bighome/dkamebley/vlm_mia/data/nocaps/images/f64f563451625a54.jpg	two plates with stacks of pancakes, one with bandannas, one with berries
/bighome/dkamebley/vlm_mia/data/nocaps/images/0ba9d2cc31b93d70.jpg	An outdoor cafe sits empty, but the lights inside are turned on.
/bighome/dkamebley/vlm_mia/data/nocaps/images/f7f4da25a4927cdd.jpg	A public bathroom with four sinks and two trash bins.
/bighome/dkamebley/vlm_mia/data/nocaps/images/80f73bb50ae00d60.jpg	A rusted antique model tank on a mantel in front of pictures.
/bighome/dkamebley/vlm_mia/data/nocaps/images/cdfddb4c643d5b89.jpg	A pig confided inside a stall at a stock event.
/bighome/dkamebley/vlm_mia/data/nocaps/images/bd12ea92bcab1afd.jpg	A black car is parked on the side of the road.
/bighome/dkamebley/vlm_mia/data/nocaps/images/115ca6aa3522da5a.jpg	A large ornate vintage chair sits on a tile floor in a room.
/bighome/dkamebley/vlm_mia/data/nocaps/images/a90c22661fe961ff.jpg	A light bulb is circular and turned on.
/bighome/dkamebley/vlm_mia/data/nocaps/images/588594ab25a52fe7.jpg	a pillow with an image of a bird on a blue vase.
/bighome/dkamebley/vlm_mia/data/nocaps/images/c3850f8a5eaaeb52.jpg	A green cocktail in a glass filled with ice.
/bighome/dkamebley/vlm_mia/data/nocaps/images/0651726e8927e5b5.jpg	The top of a woman's head is seen as she has a neat hairstyle and wears a red rose clip above her ear.
/bighome/dkamebley/vlm_mia/data/nocaps/images/c9f002927ee6638d.jpg	Woman in a bikini looks down with the water behind her.
/bighome/dkamebley/vlm_mia/data/nocaps/images/d6c5271e96ec1a61.jpg	A yellow parking meter sitting in a parking lot.
/bighome/dkamebley/vlm_mia/data/nocaps/images/d8c4672016d49986.jpg	A baby kangaroo is hiding under its mama in the green grass.
/bighome/dkamebley/vlm_mia/data/nocaps/images/a09c0a09a49ec6ec.jpg	A large scorpion with long pincers on a rock.
/bighome/dkamebley/vlm_mia/data/nocaps/images/3722904d5b45c676.jpg	The woman wearing the wedding veil and white dress is also wearing red shoes.
/bighome/dkamebley/vlm_mia/data/nocaps/images/3d0632f06eb870d1.jpg	People playing an outdoor game in the grass in front of a building.
/bighome/dkamebley/vlm_mia/data/nocaps/images/d46ed93ec5041c0c.jpg	Multiple ginger bread houses on a table.
/bighome/dkamebley/vlm_mia/data/nocaps/images/18f5b21c06c6f3d1.jpg	A woman sitting off to the side on an old chair with a laptop.
/bighome/dkamebley/vlm_mia/data/nocaps/images/ed4ea185d70e8b7d.jpg	A trolley bus is driven around a big city.
/bighome/dkamebley/vlm_mia/data/nocaps/images/eac4dfdf82776151.jpg	A room filled with books from floor to ceiling.
/bighome/dkamebley/vlm_mia/data/nocaps/images/158ec4ca568dad4a.jpg	Multiple dogs playing at an outside dog park.
/bighome/dkamebley/vlm_mia/data/nocaps/images/345b2d7adfc11e68.jpg	Three  sheep graze in the grass on a hillside.
/bighome/dkamebley/vlm_mia/data/nocaps/images/c7a6a5f2a8f674ce.jpg	People in rugby uniforms are playing on a field.
/bighome/dkamebley/vlm_mia/data/nocaps/images/9c9d7f518c96cad9.jpg	A horse pulling a carriage down the street.
/bighome/dkamebley/vlm_mia/data/nocaps/images/5df386da132b567b.jpg	Lady is giving something to a woman in the field
/bighome/dkamebley/vlm_mia/data/nocaps/images/3a15c1f701512008.jpg	A white teddy bear sits beside a brown teddy bear on a counter top.
/bighome/dkamebley/vlm_mia/data/nocaps/images/17c50225a124dd6c.jpg	A vehicle that is sitting in a parking lot.
/bighome/dkamebley/vlm_mia/data/nocaps/images/56fd536256dae19b.jpg	A woman in a white coat with a stethoscope.
/bighome/dkamebley/vlm_mia/data/nocaps/images/9c54662ca0b0074f.jpg	A pink pop up tent filled with different toys placed in the corner of the room
/bighome/dkamebley/vlm_mia/data/nocaps/images/6bf467287bbb6e8b.jpg	A cell phone screen showing a website comparing the iPhone to a Blackberry.
/bighome/dkamebley/vlm_mia/data/nocaps/images/f89f1c0793c6947f.jpg	Two people in a fencing match with a woman walking by in the background.
/bighome/dkamebley/vlm_mia/data/nocaps/images/8ff9c2dbfaf2608d.jpg	A statue of a Buddha with a crack running from the chest to the neck.
/bighome/dkamebley/vlm_mia/data/nocaps/images/41610b3b53176620.jpg	A woman with short brown hair and a green floral shirt.
/bighome/dkamebley/vlm_mia/data/nocaps/images/ed402095559e0374.jpg	A white trailer parked next to a white pickup with trees nearby.
/bighome/dkamebley/vlm_mia/data/nocaps/images/ecd4936663b81f2c.jpg	A red and black tent on a patch of lawn.
/bighome/dkamebley/vlm_mia/data/nocaps/images/2c4004388f263f72.jpg	Jockeys on horses racing around a track.
/bighome/dkamebley/vlm_mia/data/nocaps/images/3af9875f8db050b8.jpg	A man in a black cowboy hat with a red guitar strap.
/bighome/dkamebley/vlm_mia/data/nocaps/images/96dd97e7202ab34e.jpg	A pickup truck is parked in a parking lot with a man looking it.
/bighome/dkamebley/vlm_mia/data/nocaps/images/5b42b58ab16c05c0.jpg	A person in a blue hoodie and blue jeans riding on a rip stick.
/bighome/dkamebley/vlm_mia/data/nocaps/images/9ebaf21ed8d77e95.jpg	Florida State University's game line up for two months.
/bighome/dkamebley/vlm_mia/data/nocaps/images/ef19b86262c37f07.jpg	A man with a blue shirt and yellow tie is sitting at a desk with a white board behind him.
/bighome/dkamebley/vlm_mia/data/nocaps/images/60e96ffa25d1eece.jpg	A young boy standing next to an older man smiling.
/bighome/dkamebley/vlm_mia/data/nocaps/images/4d0180f8f03f1540.jpg	A CROWD WATCHING A HERD OF SHEEP MOVING ON THE ROAD.
/bighome/dkamebley/vlm_mia/data/nocaps/images/4a05a4f0b4914657.jpg	A bar in a room with white walls and wood floors.
/bighome/dkamebley/vlm_mia/data/nocaps/images/07d49ad2075e876b.jpg	a gray sports car parked in a lot with other cars
/bighome/dkamebley/vlm_mia/data/nocaps/images/358f2b254e1760bf.jpg	A fancy looking anniverssary cake sitting on a table.
/bighome/dkamebley/vlm_mia/data/nocaps/images/64c9f3614d5e8168.jpg	Two kids with helmets sitting on a skateboard with a scooter behind them.
/bighome/dkamebley/vlm_mia/data/nocaps/images/ed6fd1df89836efe.jpg	A pair of glasses sitting to the left of a computer mouse.
/bighome/dkamebley/vlm_mia/data/nocaps/images/0dd0335c8cfd2ddf.jpg	Candy placed on a table for wedding guests to enjoy.
/bighome/dkamebley/vlm_mia/data/nocaps/images/f96805120c622954.jpg	A man with a broken arm with a pool stick behind his back to perform a trick shot.
/bighome/dkamebley/vlm_mia/data/nocaps/images/8f0145255b05f727.jpg	A pretty young blonde woman holding a bright bouquet of flowers and wearing a turquoise halter top.
/bighome/dkamebley/vlm_mia/data/nocaps/images/8181c7a25f6be571.jpg	A bowl of glistening pasta is accompanied by vegetables, meat pieces, and a sprinkling of cheese, a knife and fork sitting on either side.
/bighome/dkamebley/vlm_mia/data/nocaps/images/e16b10bb678e621b.jpg	Several goat are in different areas of a tree.
/bighome/dkamebley/vlm_mia/data/nocaps/images/555067f983daee81.jpg	A man smiles while wearing red, green, and white Joker makeup.
/bighome/dkamebley/vlm_mia/data/nocaps/images/5b0a470ee1672296.jpg	A kitchen with brown cabinets and yellow walls with a single bowl sink.
/bighome/dkamebley/vlm_mia/data/nocaps/images/381e05a98aaf2646.jpg	The bike is there with a girl flipping off of it.
/bighome/dkamebley/vlm_mia/data/nocaps/images/be84a3da54658167.jpg	toilet inside a restroom with trash can on the side
/bighome/dkamebley/vlm_mia/data/nocaps/images/caa98d88a9dfde29.jpg	Several people are standing around observing this red car.
/bighome/dkamebley/vlm_mia/data/nocaps/images/1e061e68d00660d3.jpg	An pair of otters are standing in the water.
/bighome/dkamebley/vlm_mia/data/nocaps/images/627f9e6d648f2768.jpg	Several sprouts of blue flowers are among the tall grass here.
/bighome/dkamebley/vlm_mia/data/nocaps/images/4f291954b1c4240d.jpg	A red sedan waits at a traffic light.
/bighome/dkamebley/vlm_mia/data/nocaps/images/1669479168968bcc.jpg	A person riding a motorcycle with a side cart on it and their dog riding in it.
/bighome/dkamebley/vlm_mia/data/nocaps/images/8d410f163435580c.jpg	A large smooth melon sits next a a smaller, rough melon in a basket.
/bighome/dkamebley/vlm_mia/data/nocaps/images/ed39ece290eabd5d.jpg	Person in jumpsuit and helmet riding motorcycle around curve.
/bighome/dkamebley/vlm_mia/data/nocaps/images/0e6e3f9b4fbfb5f2.jpg	A woman is wearing a bikini on the beach near an ocean with sunglasses on.
/bighome/dkamebley/vlm_mia/data/nocaps/images/78423245036c424a.jpg	A wood nightstand with some aging to it.
/bighome/dkamebley/vlm_mia/data/nocaps/images/f8d18b6e6302d6c5.jpg	cattle grazing on green grass with a tree in the forefront
/bighome/dkamebley/vlm_mia/data/nocaps/images/8d4d6659f45bd396.jpg	The coat is tehre with the person doing nothing.
/bighome/dkamebley/vlm_mia/data/nocaps/images/48bd83368a70defc.jpg	A view of outside road from a cafe window.
/bighome/dkamebley/vlm_mia/data/nocaps/images/7a7febe6b57b77ef.jpg	A big bowl of wide pasta in a black bowl.
/bighome/dkamebley/vlm_mia/data/nocaps/images/d0ae7b86f30a2f57.jpg	An emu is standing behind a wooden fence.
/bighome/dkamebley/vlm_mia/data/nocaps/images/a640bec75c8b9bbb.jpg	Two red bikes parked into a rental meter.
/bighome/dkamebley/vlm_mia/data/nocaps/images/e6697e428ab70f7c.jpg	A young boy slouched down into a brown couch.
/bighome/dkamebley/vlm_mia/data/nocaps/images/d2146d47c4cf025b.jpg	A man in a t-shirt and glasses holding a drink.
/bighome/dkamebley/vlm_mia/data/nocaps/images/d92cc9bff289959b.jpg	A man swings at a baseball while people watch from behind a fence.
/bighome/dkamebley/vlm_mia/data/nocaps/images/e7e921cb531a874a.jpg	A group of law enforcement with their guns raised at someone.
/bighome/dkamebley/vlm_mia/data/nocaps/images/edde940094eba7aa.jpg	A fancy looking salad with fruits nuts and vegetables.
/bighome/dkamebley/vlm_mia/data/nocaps/images/b809013feee5805a.jpg	Two gondolas moving between buildings on the water.
/bighome/dkamebley/vlm_mia/data/nocaps/images/79856958bd00cbf8.jpg	A group of people using a rope to climb a crevice.
/bighome/dkamebley/vlm_mia/data/nocaps/images/32cc3e223017135d.jpg	A man in a gym is playing a game with a plastic ball as a man watches nearby.
/bighome/dkamebley/vlm_mia/data/nocaps/images/56c102589620b50d.jpg	The boxes are stacked up and surrounded by assorted cookies.
/bighome/dkamebley/vlm_mia/data/nocaps/images/270014837523e494.jpg	Collection of baby sheet standing in the grass behind a wire fence.
/bighome/dkamebley/vlm_mia/data/nocaps/images/42c36ba3ef87c91f.jpg	A man swimming wearing a swim cap and goggles.
/bighome/dkamebley/vlm_mia/data/nocaps/images/eec6d050a12fec7d.jpg	a tall office building with windows and belconys
/bighome/dkamebley/vlm_mia/data/nocaps/images/50fc4e3695dc7c0e.jpg	A cup is full of coffee on a saucer next to a cookie and creamer.
/bighome/dkamebley/vlm_mia/data/nocaps/images/19d4b405c051565d.jpg	The plate contains corn dogs and french fries.
/bighome/dkamebley/vlm_mia/data/nocaps/images/ce7aae56d7607c50.jpg	TWO SETS OF CHEST OF DRAWERS IN GREY COLOR.
/bighome/dkamebley/vlm_mia/data/nocaps/images/ee066cfc214185cb.jpg	Zoomed in view of a white dinner plate decorated with a dark green floral design.
/bighome/dkamebley/vlm_mia/data/nocaps/images/245864fdd2d7b6b8.jpg	A group of people by the table wearing blue shirts.
/bighome/dkamebley/vlm_mia/data/nocaps/images/df9cb342a2c613e4.jpg	A clear vase holds some plants with colorful flowers.
/bighome/dkamebley/vlm_mia/data/nocaps/images/0cc158ea5f7dd1b2.jpg	A camel is walking on top of a sand hill.
/bighome/dkamebley/vlm_mia/data/nocaps/images/5456bd0a6e0c8c40.jpg	A casserole with bread on top and drizzled with oil.
/bighome/dkamebley/vlm_mia/data/nocaps/images/c0186cb7d9291aa1.jpg	A man wearing a yellow life vest paddling a kayak.
/bighome/dkamebley/vlm_mia/data/nocaps/images/1b8c4e46421a0a9f.jpg	A person dressed up in a costume in a black suit, a black fedora, white face paint, heavy black eye shadow, and black lipstick.
/bighome/dkamebley/vlm_mia/data/nocaps/images/267e9f6a4a56df0f.jpg	The avocado is full of guacamole and has shrimp in it.
/bighome/dkamebley/vlm_mia/data/nocaps/images/3d7c1992e44fa547.jpg	A cat with a white belly lays in the lap of a young girl who has her head on another woman's lap.
/bighome/dkamebley/vlm_mia/data/nocaps/images/1f2fa43cd79182ba.jpg	Nursery with white crib , pink dresser and cushioned rocker
/bighome/dkamebley/vlm_mia/data/nocaps/images/302f4e12ac89a45d.jpg	white cake with chocolate strawberries and colorful candles
/bighome/dkamebley/vlm_mia/data/nocaps/images/36f8e72cc0c8a851.jpg	A person having the mouth of saxophone in his mouth
/bighome/dkamebley/vlm_mia/data/nocaps/images/8d44775ffa0bbc02.jpg	A woman stands in a field of tall grass and smiles at the camera.
/bighome/dkamebley/vlm_mia/data/nocaps/images/16bb316c7c76b5a5.jpg	A laptop, computer mouse and telephone are sitting on a desk.
/bighome/dkamebley/vlm_mia/data/nocaps/images/f470e767bb1f5070.jpg	The large track is parked along the sidewalk.
/bighome/dkamebley/vlm_mia/data/nocaps/images/c1e0bbb5268a0497.jpg	A black cat sitting in the sink next to a faucet.
/bighome/dkamebley/vlm_mia/data/nocaps/images/cecebfac91ae2c38.jpg	Man wearing hat, glasses and white shirt making sushi behind a counter.
/bighome/dkamebley/vlm_mia/data/nocaps/images/6846c275ded01f85.jpg	A black Cadillac has an orange colored license plate with the letters BLK-MJK.
/bighome/dkamebley/vlm_mia/data/nocaps/images/b29dbe546b191404.jpg	A person wearing a swim cap swims with a ball in his hand.
/bighome/dkamebley/vlm_mia/data/nocaps/images/2facee1ed56caeae.jpg	A brown moth sits on the leaf of a fern.
/bighome/dkamebley/vlm_mia/data/nocaps/images/020feca9b536f1fe.jpg	Thge bike is theree going through the large street.
/bighome/dkamebley/vlm_mia/data/nocaps/images/462e41b6bcc5140f.jpg	A white vehicle with a red car behind it and people in the background.
/bighome/dkamebley/vlm_mia/data/nocaps/images/084d79827d3d15d3.jpg	A white wooden table sits alone in a room.
/bighome/dkamebley/vlm_mia/data/nocaps/images/2f374e2a45765707.jpg	A large pond and a fountain in the middle of it
/bighome/dkamebley/vlm_mia/data/nocaps/images/13f5b9cca4a92e68.jpg	A red truck parked on a drive way next to a bench.
/bighome/dkamebley/vlm_mia/data/nocaps/images/9ba50cb2198a23d8.jpg	A tower so tall it reaches up to the cloudy sky.
/bighome/dkamebley/vlm_mia/data/nocaps/images/3339cba64cb1927e.jpg	People gather around tables in the covered patio.
/bighome/dkamebley/vlm_mia/data/nocaps/images/3a87f9cb8d6cd23a.jpg	a man in a white apron setting up a camera
/bighome/dkamebley/vlm_mia/data/nocaps/images/2669fd1d66e03b61.jpg	A ornamental plate placed on a stand on its side
/bighome/dkamebley/vlm_mia/data/nocaps/images/0293d27f2c20c95e.jpg	A guy is playing a guitar in nice clothes
/bighome/dkamebley/vlm_mia/data/nocaps/images/7a9bf369bbbbe699.jpg	A plate of fried fish and chips and some lemon wedges.
/bighome/dkamebley/vlm_mia/data/nocaps/images/abd556f244c58f8a.jpg	A man in a blue shirt playing table tennis in front of a crowd.
/bighome/dkamebley/vlm_mia/data/nocaps/images/795e253e4f447d2b.jpg	A pretzel with sauce and vegetables is on a wooden serving board.
/bighome/dkamebley/vlm_mia/data/nocaps/images/9fd8fee180c9c9de.jpg	People are in different states of undress at a beach.
/bighome/dkamebley/vlm_mia/data/nocaps/images/69788246df023ddf.jpg	A beekeeper in his uniform retrieves a beehive.
/bighome/dkamebley/vlm_mia/data/nocaps/images/4ed094f11037b059.jpg	A man dress in all white is leading a camel pulling a cart along a road.
/bighome/dkamebley/vlm_mia/data/nocaps/images/c9ebd63bc789073a.jpg	The peels of oranges are removed using a knife.
/bighome/dkamebley/vlm_mia/data/nocaps/images/0f035310e56b3ac5.jpg	The three horses are in a dirt enclosure.
/bighome/dkamebley/vlm_mia/data/nocaps/images/66907d825ff624cb.jpg	Cool refreshing fruit and lemon juice on a glass.
/bighome/dkamebley/vlm_mia/data/nocaps/images/ad8872dc3eebf99b.jpg	Flowers with pink pedals in a vase on the table.
/bighome/dkamebley/vlm_mia/data/nocaps/images/996c6e243b7e321c.jpg	People paddle on row boats in the water.
/bighome/dkamebley/vlm_mia/data/nocaps/images/f2938a1f2aacff10.jpg	The kitchen countertop with sink and wooden cabinetry.
/bighome/dkamebley/vlm_mia/data/nocaps/images/96657f71a20cac23.jpg	The shower is large and apperast to be old.
/bighome/dkamebley/vlm_mia/data/nocaps/images/b376bb89e4e831ac.jpg	A white dog sitting in a cage on a purple towel.
/bighome/dkamebley/vlm_mia/data/nocaps/images/43f3d79caf46169c.jpg	The hamburger with the fried egg is sitting on a plate next to french fries.
/bighome/dkamebley/vlm_mia/data/nocaps/images/2829d066c838c8dd.jpg	A camouflaged military helicopter sitting at an airport.
/bighome/dkamebley/vlm_mia/data/nocaps/images/9ae2d9c5782e3d8c.jpg	Someone is pretending that they have a stuffed animal head.
/bighome/dkamebley/vlm_mia/data/nocaps/images/4d1b9c4c85ad5b04.jpg	A red panda is on the grass and under a branch.
/bighome/dkamebley/vlm_mia/data/nocaps/images/04ccb05e32dc45de.jpg	A dog sitting beside a man walking on the lawn
/bighome/dkamebley/vlm_mia/data/nocaps/images/21d49b0df09b3757.jpg	A man in a suit is wearing glasses.
/bighome/dkamebley/vlm_mia/data/nocaps/images/9116118661cfa029.jpg	A dessert shelf at a deli filled with different cakes and doughnuts.
/bighome/dkamebley/vlm_mia/data/nocaps/images/7ed083073a0ed613.jpg	a kitchen dishwasher is open in the kitchen.
/bighome/dkamebley/vlm_mia/data/nocaps/images/f420778f40947757.jpg	Four animals that look like deer grazing in tall grass.
/bighome/dkamebley/vlm_mia/data/nocaps/images/8f08cb18c27fbaa7.jpg	Two bicyclists are riding along each other on a road.
/bighome/dkamebley/vlm_mia/data/nocaps/images/435403de8dcf2f76.jpg	A closeup of a bedazzled manicure featuring hearts, bows and roses.
/bighome/dkamebley/vlm_mia/data/nocaps/images/570c1cf91cc7e966.jpg	Drawings of a red lobster above a green lobster.
/bighome/dkamebley/vlm_mia/data/nocaps/images/ad73e2347ffd4af6.jpg	A man in the air that is snow boarding in a snow suit.
/bighome/dkamebley/vlm_mia/data/nocaps/images/01bef5827cab386c.jpg	A white stove with black burners is in the middle of a kitchen counter.
/bighome/dkamebley/vlm_mia/data/nocaps/images/ece322ca4786d582.jpg	A man holds a tennis rack off of the court.
/bighome/dkamebley/vlm_mia/data/nocaps/images/828aaadfb66dacf6.jpg	Three outdoor images stacked vertically with a black and white bird in top picture.
/bighome/dkamebley/vlm_mia/data/nocaps/images/c0605f7f70c79a44.jpg	A porcupine with its nose in the green grass.
/bighome/dkamebley/vlm_mia/data/nocaps/images/3ecead421079f9fd.jpg	The sink is still wet and has condoms floating around in it.
/bighome/dkamebley/vlm_mia/data/nocaps/images/093cf2c963e1fa76.jpg	Stack of folded clothing in shades of pink
/bighome/dkamebley/vlm_mia/data/nocaps/images/9ba56debc7e20d8c.jpg	Dark blue velvet curtains hanging from a window.
/bighome/dkamebley/vlm_mia/data/nocaps/images/7a9767c9f102b469.jpg	A young boy is seen riding a bicycle and doing tricks in a competition.
/bighome/dkamebley/vlm_mia/data/nocaps/images/dafca9a9902df3ff.jpg	The yellow buggy was decorated for the fall season.
/bighome/dkamebley/vlm_mia/data/nocaps/images/fc883cf5aefd6b7e.jpg	A rhinoceros that looks really old and has a big horn is walking towards a gate with plants
/bighome/dkamebley/vlm_mia/data/nocaps/images/4097b4d92f498dfa.jpg	Two small black convertibles parked next to the ocean.
/bighome/dkamebley/vlm_mia/data/nocaps/images/63e2c41f873864a3.jpg	Brown haired girl sitting on settee with Santa
/bighome/dkamebley/vlm_mia/data/nocaps/images/a4d3bd325d41480d.jpg	up close shot of asparagus plant's all lined in row's
/bighome/dkamebley/vlm_mia/data/nocaps/images/a8c4da25c90c4245.jpg	A young woman in a bathing suit lies down on a towel.
/bighome/dkamebley/vlm_mia/data/nocaps/images/4fa6f0a5f32109d5.jpg	A man with hat is looks like a old film actor.
/bighome/dkamebley/vlm_mia/data/nocaps/images/cf700b7b9b21abaa.jpg	A hamburger with a tomato slice and onions sits on a plate next to some fries.
/bighome/dkamebley/vlm_mia/data/nocaps/images/c6324f32dbc3a847.jpg	A boy in a helmet crashed his bike in the street.
/bighome/dkamebley/vlm_mia/data/nocaps/images/06d1d39cbea07874.jpg	Five skiers are competing on front spectators.
/bighome/dkamebley/vlm_mia/data/nocaps/images/93efde7b40f6e375.jpg	A cup of coffee with a creamy top sits on top of a saucer.
/bighome/dkamebley/vlm_mia/data/nocaps/images/ab5fdf508731f851.jpg	A fox standing next to a bush in the field.
/bighome/dkamebley/vlm_mia/data/nocaps/images/b099d0e7e234f4f0.jpg	A fastfood hamburger with two patties, cheese, and pickles.
/bighome/dkamebley/vlm_mia/data/nocaps/images/8f939cbb01f114d1.jpg	A man performs a trick with a bicycle.
/bighome/dkamebley/vlm_mia/data/nocaps/images/bc37ccba2857d1e7.jpg	A man with no shirt wearing sunglasses and headphones.
/bighome/dkamebley/vlm_mia/data/nocaps/images/b44438f638c80b08.jpg	Two white and orange Coi fish swimming near the surface of the water
/bighome/dkamebley/vlm_mia/data/nocaps/images/fb548bd4e87c660b.jpg	A woman in a red shirt and black pants is jogging.
/bighome/dkamebley/vlm_mia/data/nocaps/images/988888b4794b2981.jpg	A woman is playing a violin in front of a microphone.
/bighome/dkamebley/vlm_mia/data/nocaps/images/c2222bf03ac66a11.jpg	A goat is fed through a grate by a person with a bottle.
/bighome/dkamebley/vlm_mia/data/nocaps/images/e5c67a5fb7c58b74.jpg	A INSECT HOLDING A POLLEN GRAIN IN ITS LEG.
/bighome/dkamebley/vlm_mia/data/nocaps/images/2cff2da279756f7a.jpg	A bright blue dragonfly is on a green leaf.
/bighome/dkamebley/vlm_mia/data/nocaps/images/0e5b842f270f18a1.jpg	Several bowls of food are sitting on a table.
/bighome/dkamebley/vlm_mia/data/nocaps/images/897b8f010cd0869e.jpg	A man is sitting in a dark room holding a flute in front of him.
/bighome/dkamebley/vlm_mia/data/nocaps/images/c2ed6ddf764b96d4.jpg	Hotel room with white linens, and beige walls.
/bighome/dkamebley/vlm_mia/data/nocaps/images/38a18dda6a0e761f.jpg	Several people are enjoying fancy dining at circular tables filled with fancy food items.
/bighome/dkamebley/vlm_mia/data/nocaps/images/25beaca253df08d1.jpg	An L.L. Bean pocket knife, opened to show two blades.
/bighome/dkamebley/vlm_mia/data/nocaps/images/81684fbe58540aa5.jpg	Man with dark hair wearing penguin design shirt with large green tag on it.
/bighome/dkamebley/vlm_mia/data/nocaps/images/7ff05f195437d318.jpg	A girl in the pool is wearing a swim cap and goggles.
/bighome/dkamebley/vlm_mia/data/nocaps/images/542668e4fe44ad3e.jpg	Green pear like fruit hanging from a tree branch.
/bighome/dkamebley/vlm_mia/data/nocaps/images/786ec4e1573cec74.jpg	A person is wearing blue and red striped socks.
/bighome/dkamebley/vlm_mia/data/nocaps/images/cc7df808175c6886.jpg	The dual cab, dual wheeled truck has been heavily modified to sit extremely low on it's tires down to the ground and has a cover on the bed making it almost look like a limousine.
/bighome/dkamebley/vlm_mia/data/nocaps/images/2250c417f8fdede6.jpg	The flower is coming from a cactus and is in a pot.
/bighome/dkamebley/vlm_mia/data/nocaps/images/ecbfd9984a9c4f94.jpg	A boy is on a surfboard in the water being pulled by a boat.
/bighome/dkamebley/vlm_mia/data/nocaps/images/43ec4aa29ee2b16a.jpg	A man wearing a black sweater and jeans is standing alone.
/bighome/dkamebley/vlm_mia/data/nocaps/images/8b17a8c79a847ff2.jpg	A black swan standing in front of another black swan
/bighome/dkamebley/vlm_mia/data/nocaps/images/3f74cd65e54abec5.jpg	White fishing boat with wood front riding crest of wave
/bighome/dkamebley/vlm_mia/data/nocaps/images/636eb68a603c051a.jpg	A woman staffs a table during an outdoor event, talking to two interested people.
/bighome/dkamebley/vlm_mia/data/nocaps/images/f0451a511ead5f85.jpg	A cocktail has a red straw and a sprig of mint in it.
/bighome/dkamebley/vlm_mia/data/nocaps/images/90587cd2a48e96d9.jpg	Man wearing white hat, blue ahirt and waders holding fish in hands while kneeling in water.
/bighome/dkamebley/vlm_mia/data/nocaps/images/5573d8a084ba4771.jpg	A little girl wearing black winter clothing is lying on the ground making a snow angel.
/bighome/dkamebley/vlm_mia/data/nocaps/images/743634cc3cd62061.jpg	A soccer player runs behind the ball as an opponent runs toward her.
/bighome/dkamebley/vlm_mia/data/nocaps/images/38f481601bac0d4a.jpg	Two beds with a night stand in between them.
/bighome/dkamebley/vlm_mia/data/nocaps/images/bd8497bf937e435b.jpg	A small yellow toy car sits on a wooden surface.
/bighome/dkamebley/vlm_mia/data/nocaps/images/8a945a5b087bd0ff.jpg	The saucer has rounded edges and a floral design on it.
/bighome/dkamebley/vlm_mia/data/nocaps/images/9e2f4813f9ae1a94.jpg	White and pink flowers with yellow buds and a bee collecting pollen
/bighome/dkamebley/vlm_mia/data/nocaps/images/cb4b97a7ccd2d5a5.jpg	A mass of luggage and bags lay entangled.
/bighome/dkamebley/vlm_mia/data/nocaps/images/a17259b464419495.jpg	A room filled with wooden tables and white chairs.
/bighome/dkamebley/vlm_mia/data/nocaps/images/af1a774291e5c33d.jpg	A man holding a chicken with a fence behind him.
/bighome/dkamebley/vlm_mia/data/nocaps/images/942e91b079b37c7f.jpg	A fat hamster sits in the open palm of a person.
/bighome/dkamebley/vlm_mia/data/nocaps/images/5894684a6f19c9a5.jpg	A red car is parked outside of a church.
/bighome/dkamebley/vlm_mia/data/nocaps/images/37625d59d0e0782a.jpg	A shop with concrete floors and rows of bicycles.
/bighome/dkamebley/vlm_mia/data/nocaps/images/5502a35f0f5ef825.jpg	The skinny man is wearing all black with black hair.
/bighome/dkamebley/vlm_mia/data/nocaps/images/16aaa6421eaf9905.jpg	A male musician plays percussion and a didgeridoo outside.
/bighome/dkamebley/vlm_mia/data/nocaps/images/7e56e4983ad94787.jpg	A collection of white jellyfishes inside the water
/bighome/dkamebley/vlm_mia/data/nocaps/images/26557008b4fcf408.jpg	A woman in green bikini hitting a volleyball¬
/bighome/dkamebley/vlm_mia/data/nocaps/images/449126545a08f582.jpg	A pink bird house with butterflies on the outside.
/bighome/dkamebley/vlm_mia/data/nocaps/images/649183b50912e60c.jpg	Two dolls are sitting in a room with big hair.
/bighome/dkamebley/vlm_mia/data/nocaps/images/c8cf94eda20e3fb3.jpg	A long silver sword laying on a black or dark blue cloth.
/bighome/dkamebley/vlm_mia/data/nocaps/images/77abfe5ae3c81255.jpg	A man is watching over a large group of sheep
/bighome/dkamebley/vlm_mia/data/nocaps/images/039beb511fd1e7f7.jpg	A tabby cat sits on a wood floor next to footwear.
/bighome/dkamebley/vlm_mia/data/nocaps/images/0231a6350d53e54f.jpg	A group of men competing in a wheel chair basketball game.
/bighome/dkamebley/vlm_mia/data/nocaps/images/0c6b2d13e3a2f679.jpg	The woman is wearing a pink lace skirt and a white shirt.
/bighome/dkamebley/vlm_mia/data/nocaps/images/0f337c14a27b2473.jpg	A man wearing a brown suit standing on grass holding a large dog on a leash
/bighome/dkamebley/vlm_mia/data/nocaps/images/00cd12b9ee1905a7.jpg	An r/c car has its shell sitting next to it.
/bighome/dkamebley/vlm_mia/data/nocaps/images/508252750223d78f.jpg	A woman wearing a suit and bowtie is pouring a drink in a bar.
/bighome/dkamebley/vlm_mia/data/nocaps/images/2016eb0aad648088.jpg	A man and three kids are in a jacuzzi in the snow.
/bighome/dkamebley/vlm_mia/data/nocaps/images/ef1bd7b718a3f6e8.jpg	A woman is riding in a long, narrow blue bicycle holding a folding table smiling next to a car in a parking lot
/bighome/dkamebley/vlm_mia/data/nocaps/images/6ccc209d5842e1c9.jpg	A drawing of two turtles or tortoises
/bighome/dkamebley/vlm_mia/data/nocaps/images/6e00fa053d780568.jpg	A red panda has something in it's mouth and is standing on a branch inside of a small forest.
/bighome/dkamebley/vlm_mia/data/nocaps/images/67bad60ec0f7af00.jpg	An old copper tea kettle resting on a black trivet.
/bighome/dkamebley/vlm_mia/data/nocaps/images/799b0541c43131b2.jpg	Two shellfish that are next to each other on a bed of gravel.
/bighome/dkamebley/vlm_mia/data/nocaps/images/097d056ffa82fced.jpg	A clock tower has Roman and Arabic numerals.
/bighome/dkamebley/vlm_mia/data/nocaps/images/2523ac25dfbfa2f8.jpg	A kitchen with stainless steel appliances, granite countertops, and wood flooring.
/bighome/dkamebley/vlm_mia/data/nocaps/images/c0cb67b6269381ec.jpg	Two sea lions are sitting on a dock by the water one is standing and the other is laying down
/bighome/dkamebley/vlm_mia/data/nocaps/images/7e3995662ab71c22.jpg	a tall statue with a fountain in front of a building.
/bighome/dkamebley/vlm_mia/data/nocaps/images/16f352b006a890cd.jpg	A group of young men sitting in a lobby with couches.
/bighome/dkamebley/vlm_mia/data/nocaps/images/d9ee0aa080c3f5a1.jpg	A  nice  quite room somewhat smaller that can only hold one  table and  a  few chairs
/bighome/dkamebley/vlm_mia/data/nocaps/images/75af61ac171379a9.jpg	A man standing on a surfboard and moving it with a paddle.
