/bighome/dkamebley/vlm_mia/experiments/runs/cc3m/shared/images/member_0000.jpg	fresh fish at the market
/bighome/dkamebley/vlm_mia/experiments/runs/cc3m/shared/images/member_0001.jpg	taurus tattoo ... although i am one and like this , i 'd never get one !
/bighome/dkamebley/vlm_mia/experiments/runs/cc3m/shared/images/member_0002.jpg	this composite deck has posts that support an overhang creating a shaded open porch for seating .
/bighome/dkamebley/vlm_mia/experiments/runs/cc3m/shared/images/member_0003.jpg	sun shining over the ocean
/bighome/dkamebley/vlm_mia/experiments/runs/cc3m/shared/images/member_0004.jpg	farmers picking tea on a summer afternoon in tea plantation
/bighome/dkamebley/vlm_mia/experiments/runs/cc3m/shared/images/member_0005.jpg	fashions at awards , photo by person
/bighome/dkamebley/vlm_mia/experiments/runs/cc3m/shared/images/member_0006.jpg	aah old movie posters for sale
/bighome/dkamebley/vlm_mia/experiments/runs/cc3m/shared/images/member_0007.jpg	old washing machine dumped by the side of a road .
/bighome/dkamebley/vlm_mia/experiments/runs/cc3m/shared/images/member_0008.jpg	park bench near a lake
/bighome/dkamebley/vlm_mia/experiments/runs/cc3m/shared/images/member_0009.jpg	flag sticking in a variety of banknotes .
/bighome/dkamebley/vlm_mia/experiments/runs/cc3m/shared/images/member_0010.jpg	tips for creating a home office
/bighome/dkamebley/vlm_mia/experiments/runs/cc3m/shared/images/member_0011.jpg	a green vintage mini driving along a road
/bighome/dkamebley/vlm_mia/experiments/runs/cc3m/shared/images/member_0012.jpg	christmas tree made of flowers of different colors in a green flowerpot on white background with stars - vector
/bighome/dkamebley/vlm_mia/experiments/runs/cc3m/shared/images/member_0013.jpg	hearts and flowers are placed at the flame over the entrance
/bighome/dkamebley/vlm_mia/experiments/runs/cc3m/shared/images/member_0014.jpg	brutal man in a shirt with short sleeves sitting in the chair , his fists clenched , slightly bent , listening attentively
/bighome/dkamebley/vlm_mia/experiments/runs/cc3m/shared/images/member_0015.jpg	vector illustration of abstract icons based on the letter
/bighome/dkamebley/vlm_mia/experiments/runs/cc3m/shared/images/member_0016.jpg	the bride and her father walk from the golf course to the ceremony
/bighome/dkamebley/vlm_mia/experiments/runs/cc3m/shared/images/member_0017.jpg	illustration of a bus driver at work
/bighome/dkamebley/vlm_mia/experiments/runs/cc3m/shared/images/member_0018.jpg	sunrise over a grassy plain , suitable for time lapse
/bighome/dkamebley/vlm_mia/experiments/runs/cc3m/shared/images/member_0019.jpg	yellow taxi and people on the street
/bighome/dkamebley/vlm_mia/experiments/runs/cc3m/shared/images/member_0020.jpg	light rays shine through the dark clouds
/bighome/dkamebley/vlm_mia/experiments/runs/cc3m/shared/images/member_0021.jpg	actor pounds away on his drums at person
/bighome/dkamebley/vlm_mia/experiments/runs/cc3m/shared/images/member_0022.jpg	close - up of a sandwich for lunch
/bighome/dkamebley/vlm_mia/experiments/runs/cc3m/shared/images/member_0023.jpg	fireworks show on the day
/bighome/dkamebley/vlm_mia/experiments/runs/cc3m/shared/images/member_0024.jpg	a young boy using a fire hose to spray water with a firefighter
/bighome/dkamebley/vlm_mia/experiments/runs/cc3m/shared/images/member_0025.jpg	players from both teams shake hands during the silence
/bighome/dkamebley/vlm_mia/experiments/runs/cc3m/shared/images/member_0026.jpg	temple pattern repeat seamless in black color for any design .
/bighome/dkamebley/vlm_mia/experiments/runs/cc3m/shared/images/member_0027.jpg	portrait of a lady in a veil , c. by person
/bighome/dkamebley/vlm_mia/experiments/runs/cc3m/shared/images/member_0028.jpg	people rallying against hate climb the stairs .
/bighome/dkamebley/vlm_mia/experiments/runs/cc3m/shared/images/member_0029.jpg	texture of old brick wall at an angle rustic background
/bighome/dkamebley/vlm_mia/experiments/runs/cc3m/shared/images/member_0030.jpg	man holds a piece of paper with empty space for your text .
/bighome/dkamebley/vlm_mia/experiments/runs/cc3m/shared/images/member_0031.jpg	waiter with a tray in hand -- stock vector #
/bighome/dkamebley/vlm_mia/experiments/runs/cc3m/shared/images/member_0032.jpg	law enforcement officials are seen were an officer - involved shooting took place .
/bighome/dkamebley/vlm_mia/experiments/runs/cc3m/shared/images/member_0033.jpg	chihuly sculpture on the ceiling .
/bighome/dkamebley/vlm_mia/experiments/runs/cc3m/shared/images/member_0034.jpg	looking up at an old shingled building
/bighome/dkamebley/vlm_mia/experiments/runs/cc3m/shared/images/member_0035.jpg	acoustic guitars and banjo in detailed vector silhouette .
/bighome/dkamebley/vlm_mia/experiments/runs/cc3m/shared/images/member_0036.jpg	a city is decorated with a black and white mural depicting an industrial landscape combined with music
/bighome/dkamebley/vlm_mia/experiments/runs/cc3m/shared/images/member_0037.jpg	person is packing a punch these days !
/bighome/dkamebley/vlm_mia/experiments/runs/cc3m/shared/images/member_0038.jpg	a beautiful - bedroom manor house in hectares of parkland
/bighome/dkamebley/vlm_mia/experiments/runs/cc3m/shared/images/member_0039.jpg	the completed chandelier installed at theater character and person
/bighome/dkamebley/vlm_mia/experiments/runs/cc3m/shared/images/member_0040.jpg	person leaves the court before half time as sports team played sports team .
/bighome/dkamebley/vlm_mia/experiments/runs/cc3m/shared/images/member_0041.jpg	the sandy beach is under water .
/bighome/dkamebley/vlm_mia/experiments/runs/cc3m/shared/images/member_0042.jpg	wheel with rim and tire of a luxury sports car parked in a parking lot in person
/bighome/dkamebley/vlm_mia/experiments/runs/cc3m/shared/images/member_0043.jpg	centre pieces : variation of this image , with : stones at bottom , bittersweet vines in vase , water , acorns and floating candles .
/bighome/dkamebley/vlm_mia/experiments/runs/cc3m/shared/images/member_0044.jpg	illustration of a magnifying glass over a blue background
/bighome/dkamebley/vlm_mia/experiments/runs/cc3m/shared/images/member_0045.jpg	biological species on biological genus
/bighome/dkamebley/vlm_mia/experiments/runs/cc3m/shared/images/member_0046.jpg	awesome cake , but not sure how it would look as an one
/bighome/dkamebley/vlm_mia/experiments/runs/cc3m/shared/images/member_0047.jpg	supermarket green initiative featuring a wind turbine located in their car park
/bighome/dkamebley/vlm_mia/experiments/runs/cc3m/shared/images/member_0048.jpg	a girl at sunset with full moon in the sky
/bighome/dkamebley/vlm_mia/experiments/runs/cc3m/shared/images/member_0049.jpg	set of autumn leaves and nuts on a white background
/bighome/dkamebley/vlm_mia/experiments/runs/cc3m/shared/images/member_0050.jpg	save money and get great hair color at home with these reader - approved finds
/bighome/dkamebley/vlm_mia/experiments/runs/cc3m/shared/images/member_0051.jpg	table with a flower vase free photo
/bighome/dkamebley/vlm_mia/experiments/runs/cc3m/shared/images/member_0052.jpg	cantilever bridge over looking the canyon
/bighome/dkamebley/vlm_mia/experiments/runs/cc3m/shared/images/member_0053.jpg	area going into the park
/bighome/dkamebley/vlm_mia/experiments/runs/cc3m/shared/images/member_0054.jpg	graffiti on a train car
/bighome/dkamebley/vlm_mia/experiments/runs/cc3m/shared/images/member_0055.jpg	bronze statue stands tall as part of a city commemorating military conflict
/bighome/dkamebley/vlm_mia/experiments/runs/cc3m/shared/images/member_0056.jpg	smiling woman drinking water from a bottle
/bighome/dkamebley/vlm_mia/experiments/runs/cc3m/shared/images/member_0057.jpg	sunset over golden field and villa on the hill
/bighome/dkamebley/vlm_mia/experiments/runs/cc3m/shared/images/member_0058.jpg	puzzled young accountant with a bunch of documents in folders on a white background
/bighome/dkamebley/vlm_mia/experiments/runs/cc3m/shared/images/member_0059.jpg	pasta in the form of animals and a wooden spoon on a white background
/bighome/dkamebley/vlm_mia/experiments/runs/cc3m/shared/images/member_0060.jpg	soccer players walking off the field
/bighome/dkamebley/vlm_mia/experiments/runs/cc3m/shared/images/member_0061.jpg	soccer player celebrates after scoring his team 's fifth goal during the match .
/bighome/dkamebley/vlm_mia/experiments/runs/cc3m/shared/images/member_0062.jpg	the city and beach seen from above
/bighome/dkamebley/vlm_mia/experiments/runs/cc3m/shared/images/member_0063.jpg	with enjoy manly banners floating on the seafront
/bighome/dkamebley/vlm_mia/experiments/runs/cc3m/shared/images/member_0064.jpg	automobile make in the city
/bighome/dkamebley/vlm_mia/experiments/runs/cc3m/shared/images/member_0065.jpg	banknotes lying on the table , close captured video , background of dollars bills randomly scattered on a table
/bighome/dkamebley/vlm_mia/experiments/runs/cc3m/shared/images/member_0066.jpg	person steps over flowers as he exits government agency
/bighome/dkamebley/vlm_mia/experiments/runs/cc3m/shared/images/member_0067.jpg	flame of the big fire at night
/bighome/dkamebley/vlm_mia/experiments/runs/cc3m/shared/images/member_0068.jpg	honey bee collecting pollen on a flower in 4k resolution
/bighome/dkamebley/vlm_mia/experiments/runs/cc3m/shared/images/member_0069.jpg	a bronze figure of an athlete or actor , circa 2nd century b.c.
/bighome/dkamebley/vlm_mia/experiments/runs/cc3m/shared/images/member_0070.jpg	the heavyweight men won event , awarded to the team with the most overall points
/bighome/dkamebley/vlm_mia/experiments/runs/cc3m/shared/images/member_0071.jpg	ornaments hung from a branch above table setting
/bighome/dkamebley/vlm_mia/experiments/runs/cc3m/shared/images/member_0072.jpg	this club means everything to the people
/bighome/dkamebley/vlm_mia/experiments/runs/cc3m/shared/images/member_0073.jpg	a baby girl , sitting in a high chair , cries while waiting to be fed
/bighome/dkamebley/vlm_mia/experiments/runs/cc3m/shared/images/member_0074.jpg	flag waving at wind in slow with blue sky , loop
/bighome/dkamebley/vlm_mia/experiments/runs/cc3m/shared/images/member_0075.jpg	product line , daughter , fan art
/bighome/dkamebley/vlm_mia/experiments/runs/cc3m/shared/images/member_0076.jpg	traditional pop artist and actor hold their baby daughter , in this photo .
/bighome/dkamebley/vlm_mia/experiments/runs/cc3m/shared/images/member_0077.jpg	young woman looking at camera with serious expression while sitting outside on a summer day
/bighome/dkamebley/vlm_mia/experiments/runs/cc3m/shared/images/member_0078.jpg	over the top view of the snowman with a bonnet on his head
/bighome/dkamebley/vlm_mia/experiments/runs/cc3m/shared/images/member_0079.jpg	a little turtle swimming in a lake
/bighome/dkamebley/vlm_mia/experiments/runs/cc3m/shared/images/member_0080.jpg	loving couple walking out to the sea at the beach next to their scooter
/bighome/dkamebley/vlm_mia/experiments/runs/cc3m/shared/images/member_0081.jpg	a city the ancient capital city
/bighome/dkamebley/vlm_mia/experiments/runs/cc3m/shared/images/member_0082.jpg	elephant in an artwork being prepared in the centre of a city .
/bighome/dkamebley/vlm_mia/experiments/runs/cc3m/shared/images/member_0083.jpg	there 's nothing better than seeing adorable animals taking baths .
/bighome/dkamebley/vlm_mia/experiments/runs/cc3m/shared/images/member_0084.jpg	every horse deserves to be loved by a little girl .
/bighome/dkamebley/vlm_mia/experiments/runs/cc3m/shared/images/member_0085.jpg	decorative detail of an ancient column
/bighome/dkamebley/vlm_mia/experiments/runs/cc3m/shared/images/member_0086.jpg	coat on the yellow background
/bighome/dkamebley/vlm_mia/experiments/runs/cc3m/shared/images/member_0087.jpg	morning view of the harbor
/bighome/dkamebley/vlm_mia/experiments/runs/cc3m/shared/images/member_0088.jpg	captain at a team training session
/bighome/dkamebley/vlm_mia/experiments/runs/cc3m/shared/images/member_0089.jpg	image of bonsai trees in a domestic garden
/bighome/dkamebley/vlm_mia/experiments/runs/cc3m/shared/images/member_0090.jpg	cat on a box 3d anaglyph red blue glasses to view
/bighome/dkamebley/vlm_mia/experiments/runs/cc3m/shared/images/member_0091.jpg	a no smoking sign posted on a school building
/bighome/dkamebley/vlm_mia/experiments/runs/cc3m/shared/images/member_0092.jpg	map showing the track taken by person .
/bighome/dkamebley/vlm_mia/experiments/runs/cc3m/shared/images/member_0093.jpg	picket fence and a city
/bighome/dkamebley/vlm_mia/experiments/runs/cc3m/shared/images/member_0094.jpg	new leaves on a tree
/bighome/dkamebley/vlm_mia/experiments/runs/cc3m/shared/images/member_0095.jpg	baseball player became the fourth pitcher to throw innings this century on wednesday night .
/bighome/dkamebley/vlm_mia/experiments/runs/cc3m/shared/images/member_0096.jpg	religious leader is created cardinal by religious leader .
/bighome/dkamebley/vlm_mia/experiments/runs/cc3m/shared/images/member_0097.jpg	view of the sun through the grass
/bighome/dkamebley/vlm_mia/experiments/runs/cc3m/shared/images/member_0098.jpg	close up of risk factor and female lions lying in the grass
/bighome/dkamebley/vlm_mia/experiments/runs/cc3m/shared/images/member_0099.jpg	a giant in the garden !
/bighome/dkamebley/vlm_mia/experiments/runs/cc3m/shared/images/member_0100.jpg	exhibition of automotive class during international
/bighome/dkamebley/vlm_mia/experiments/runs/cc3m/shared/images/member_0101.jpg	this space used to be a closet with doors .
/bighome/dkamebley/vlm_mia/experiments/runs/cc3m/shared/images/member_0102.jpg	person , a therapy dog listens to children read .
/bighome/dkamebley/vlm_mia/experiments/runs/cc3m/shared/images/member_0103.jpg	studio portrait of a dog , isolated on a black background
/bighome/dkamebley/vlm_mia/experiments/runs/cc3m/shared/images/member_0104.jpg	printmaking artist records his road trip through the west with his - image via the telegraph
/bighome/dkamebley/vlm_mia/experiments/runs/cc3m/shared/images/member_0105.jpg	happy young woman dancing in subway train , then a train arriving to the station and she going out
/bighome/dkamebley/vlm_mia/experiments/runs/cc3m/shared/images/member_0106.jpg	emergency services at the scene
/bighome/dkamebley/vlm_mia/experiments/runs/cc3m/shared/images/member_0107.jpg	in some municipalities , chickens and dogs are coexisting as pets in the backyards of residents .
/bighome/dkamebley/vlm_mia/experiments/runs/cc3m/shared/images/member_0108.jpg	person returned with the goal of becoming a doctor .
/bighome/dkamebley/vlm_mia/experiments/runs/cc3m/shared/images/member_0109.jpg	person said the tree took out power to his street .
/bighome/dkamebley/vlm_mia/experiments/runs/cc3m/shared/images/member_0110.jpg	building at sunset along a city
/bighome/dkamebley/vlm_mia/experiments/runs/cc3m/shared/images/member_0111.jpg	trolley for products on sale
/bighome/dkamebley/vlm_mia/experiments/runs/cc3m/shared/images/member_0112.jpg	smoke hangs in the trees during a forest fire
/bighome/dkamebley/vlm_mia/experiments/runs/cc3m/shared/images/member_0113.jpg	the only anime i 've ever watched to completion .
/bighome/dkamebley/vlm_mia/experiments/runs/cc3m/shared/images/member_0114.jpg	business colleagues walking on a beach
/bighome/dkamebley/vlm_mia/experiments/runs/cc3m/shared/images/member_0115.jpg	a woman demonstrates dance moves as the drummers play music
/bighome/dkamebley/vlm_mia/experiments/runs/cc3m/shared/images/member_0116.jpg	room of noble person , looted during the revolution
/bighome/dkamebley/vlm_mia/experiments/runs/cc3m/shared/images/member_0117.jpg	the crime in this city is so bad that even thieves are stealing tires off police cars .
/bighome/dkamebley/vlm_mia/experiments/runs/cc3m/shared/images/member_0118.jpg	the young man in sunglasses typing at concert hall on his laptop
/bighome/dkamebley/vlm_mia/experiments/runs/cc3m/shared/images/member_0119.jpg	old fishing boats on the shore
/bighome/dkamebley/vlm_mia/experiments/runs/cc3m/shared/images/member_0120.jpg	crying baby with a mobile phone
/bighome/dkamebley/vlm_mia/experiments/runs/cc3m/shared/images/member_0121.jpg	a single old bright red tennis ball nestling in long lush green grass with sunlight
/bighome/dkamebley/vlm_mia/experiments/runs/cc3m/shared/images/member_0122.jpg	birds fly over the river in the rays of the orange sun at sunset
/bighome/dkamebley/vlm_mia/experiments/runs/cc3m/shared/images/member_0123.jpg	basketball player spinning the ball at night in an empty car park , in slow motion
/bighome/dkamebley/vlm_mia/experiments/runs/cc3m/shared/images/member_0124.jpg	vintage photo , circa hand colored winter night scene of man walking his dog in a snowy town 's street .
/bighome/dkamebley/vlm_mia/experiments/runs/cc3m/shared/images/member_0125.jpg	a stained glass window depicting theologian .
/bighome/dkamebley/vlm_mia/experiments/runs/cc3m/shared/images/member_0126.jpg	the winning team , in their moment of triumph
/bighome/dkamebley/vlm_mia/experiments/runs/cc3m/shared/images/member_0127.jpg	original fine art for person
/bighome/dkamebley/vlm_mia/experiments/runs/cc3m/shared/images/member_0128.jpg	athlete lifts the inaugural trophy after winning last year 's final
/bighome/dkamebley/vlm_mia/experiments/runs/cc3m/shared/images/member_0129.jpg	to the girl in the mirror ~ # quotes
/bighome/dkamebley/vlm_mia/experiments/runs/cc3m/shared/images/member_0130.jpg	head of a dog by painting artist
/bighome/dkamebley/vlm_mia/experiments/runs/cc3m/shared/images/member_0131.jpg	frogs sitting on a log
/bighome/dkamebley/vlm_mia/experiments/runs/cc3m/shared/images/member_0132.jpg	police officers on the streets
/bighome/dkamebley/vlm_mia/experiments/runs/cc3m/shared/images/member_0133.jpg	a woman applies a temporary tattoo to a young boy at an outdoor festival
/bighome/dkamebley/vlm_mia/experiments/runs/cc3m/shared/images/member_0134.jpg	ceremony at chapel of the flowers
/bighome/dkamebley/vlm_mia/experiments/runs/cc3m/shared/images/member_0135.jpg	business man in the street reading a letter
/bighome/dkamebley/vlm_mia/experiments/runs/cc3m/shared/images/member_0136.jpg	girl is sitting in office and talking on the phone and holding in his hand a handle
/bighome/dkamebley/vlm_mia/experiments/runs/cc3m/shared/images/member_0137.jpg	typical living room from the 1970s / 1980s
/bighome/dkamebley/vlm_mia/experiments/runs/cc3m/shared/images/member_0138.jpg	rock artist in the snow
/bighome/dkamebley/vlm_mia/experiments/runs/cc3m/shared/images/member_0139.jpg	a sporty young boy kicking football towards the goal and scoring a goal
/bighome/dkamebley/vlm_mia/experiments/runs/cc3m/shared/images/member_0140.jpg	person working with devices to do their modern jobs on the internet globally
/bighome/dkamebley/vlm_mia/experiments/runs/cc3m/shared/images/member_0141.jpg	# : this spacious room is filled with beautiful light all times of the day .
/bighome/dkamebley/vlm_mia/experiments/runs/cc3m/shared/images/member_0142.jpg	biological species on a power line with lines
/bighome/dkamebley/vlm_mia/experiments/runs/cc3m/shared/images/member_0143.jpg	may the victory of good over evil inspire you towards your own victories
/bighome/dkamebley/vlm_mia/experiments/runs/cc3m/shared/images/member_0144.jpg	for the door that leads to back staircase
/bighome/dkamebley/vlm_mia/experiments/runs/cc3m/shared/images/member_0145.jpg	man with a horse standing in a steppe
/bighome/dkamebley/vlm_mia/experiments/runs/cc3m/shared/images/member_0146.jpg	all the buildings that i 've drawn so far by person
/bighome/dkamebley/vlm_mia/experiments/runs/cc3m/shared/images/member_0147.jpg	a child sits on a magical glade with apple .
/bighome/dkamebley/vlm_mia/experiments/runs/cc3m/shared/images/member_0148.jpg	rotation of the reticulated model of car
/bighome/dkamebley/vlm_mia/experiments/runs/cc3m/shared/images/member_0149.jpg	thrift store thursday : to a very fashionable jacket .
/bighome/dkamebley/vlm_mia/experiments/runs/cc3m/shared/images/member_0150.jpg	i have always wanted a fish tank built in the wall
/bighome/dkamebley/vlm_mia/experiments/runs/cc3m/shared/images/member_0151.jpg	fringe is in and all over this bag .
/bighome/dkamebley/vlm_mia/experiments/runs/cc3m/shared/images/member_0152.jpg	person tick flat icon in circle .
/bighome/dkamebley/vlm_mia/experiments/runs/cc3m/shared/images/member_0153.jpg	smart hairstyle and good idea to volume yourself with the hair extensions .
/bighome/dkamebley/vlm_mia/experiments/runs/cc3m/shared/images/member_0154.jpg	pretty lavender set all completed by my sister
/bighome/dkamebley/vlm_mia/experiments/runs/cc3m/shared/images/member_0155.jpg	evening blue hour on the river
/bighome/dkamebley/vlm_mia/experiments/runs/cc3m/shared/images/member_0156.jpg	island on a snowy winters day
/bighome/dkamebley/vlm_mia/experiments/runs/cc3m/shared/images/member_0157.jpg	futurist structure at feet it is one of the the world 's tallest buildings
/bighome/dkamebley/vlm_mia/experiments/runs/cc3m/shared/images/member_0158.jpg	a row of classic cars at a gathering of vintage vehicles
/bighome/dkamebley/vlm_mia/experiments/runs/cc3m/shared/images/member_0159.jpg	hazelnut and almond on a white background
/bighome/dkamebley/vlm_mia/experiments/runs/cc3m/shared/images/member_0160.jpg	tanks moving through the map and flag .
/bighome/dkamebley/vlm_mia/experiments/runs/cc3m/shared/images/member_0161.jpg	tapping a beer in a bar - original footage , not color corrected
/bighome/dkamebley/vlm_mia/experiments/runs/cc3m/shared/images/member_0162.jpg	adorable baby girl sitting in a wicker basket and showing tongue
/bighome/dkamebley/vlm_mia/experiments/runs/cc3m/shared/images/member_0163.jpg	close up fruits in motion on a studio background
/bighome/dkamebley/vlm_mia/experiments/runs/cc3m/shared/images/member_0164.jpg	a young boy scribbling on the sidewalk with chalk
/bighome/dkamebley/vlm_mia/experiments/runs/cc3m/shared/images/member_0165.jpg	the feet of a young woman as she is standing on some rocks on the beach
/bighome/dkamebley/vlm_mia/experiments/runs/cc3m/shared/images/member_0166.jpg	people going to work cross the railroad bridge
/bighome/dkamebley/vlm_mia/experiments/runs/cc3m/shared/images/member_0167.jpg	tattoo on a man 's hand
/bighome/dkamebley/vlm_mia/experiments/runs/cc3m/shared/images/member_0168.jpg	inside a temple responsible alternatives
/bighome/dkamebley/vlm_mia/experiments/runs/cc3m/shared/images/member_0169.jpg	can you wear black shoes in the summer
/bighome/dkamebley/vlm_mia/experiments/runs/cc3m/shared/images/member_0170.jpg	it 's been a long drought of activity .
/bighome/dkamebley/vlm_mia/experiments/runs/cc3m/shared/images/member_0171.jpg	bauble above a wreath made of twigs and illuminated
/bighome/dkamebley/vlm_mia/experiments/runs/cc3m/shared/images/member_0172.jpg	new roof with a guarantee
/bighome/dkamebley/vlm_mia/experiments/runs/cc3m/shared/images/member_0173.jpg	pick a mood and get perfectly coordinated color schemes that you 'll love , no matter what room you 're painting .
/bighome/dkamebley/vlm_mia/experiments/runs/cc3m/shared/images/member_0174.jpg	pool on right of the building , not used too much , very quiet !
/bighome/dkamebley/vlm_mia/experiments/runs/cc3m/shared/images/member_0175.jpg	blue scooter among other means of transportation on the streets
/bighome/dkamebley/vlm_mia/experiments/runs/cc3m/shared/images/member_0176.jpg	the aftermath of the blizzard
/bighome/dkamebley/vlm_mia/experiments/runs/cc3m/shared/images/member_0177.jpg	sculpture on a winter day in a city
/bighome/dkamebley/vlm_mia/experiments/runs/cc3m/shared/images/member_0178.jpg	southwest is getting ready for its first flights which start sunday .
/bighome/dkamebley/vlm_mia/experiments/runs/cc3m/shared/images/member_0179.jpg	picture of the day : frosty morning
/bighome/dkamebley/vlm_mia/experiments/runs/cc3m/shared/images/member_0180.jpg	bride and groom at the door at black and white wedding
/bighome/dkamebley/vlm_mia/experiments/runs/cc3m/shared/images/member_0181.jpg	composite image with many bursts of fireworks overlaid on a flag
/bighome/dkamebley/vlm_mia/experiments/runs/cc3m/shared/images/member_0182.jpg	road construction in the summer for new road and transit line
/bighome/dkamebley/vlm_mia/experiments/runs/cc3m/shared/images/member_0183.jpg	odd eyed kitten in a basket
/bighome/dkamebley/vlm_mia/experiments/runs/cc3m/shared/images/member_0184.jpg	organisation , left , and organisation right , compete .
/bighome/dkamebley/vlm_mia/experiments/runs/cc3m/shared/images/member_0185.jpg	firefighters outside the warehouse that was damaged by fire .
/bighome/dkamebley/vlm_mia/experiments/runs/cc3m/shared/images/member_0186.jpg	angry businesswoman with cellphone and laptop in the office
/bighome/dkamebley/vlm_mia/experiments/runs/cc3m/shared/images/member_0187.jpg	man looks at reflection off the mt .
/bighome/dkamebley/vlm_mia/experiments/runs/cc3m/shared/images/member_0188.jpg	rows of biological genus growing in a field
/bighome/dkamebley/vlm_mia/experiments/runs/cc3m/shared/images/member_0189.jpg	black swan on a lake with campers in the background .
/bighome/dkamebley/vlm_mia/experiments/runs/cc3m/shared/images/member_0190.jpg	pop up 3d nets & patterns - try this extensive booklet for teaching about the nets of complex 3d shapes .
/bighome/dkamebley/vlm_mia/experiments/runs/cc3m/shared/images/member_0191.jpg	the colourful foliage of a leaf
/bighome/dkamebley/vlm_mia/experiments/runs/cc3m/shared/images/member_0192.jpg	a small park with flags and a yellow banner around a tree in support of troops
/bighome/dkamebley/vlm_mia/experiments/runs/cc3m/shared/images/member_0193.jpg	top shot of a bridge in city as the traffic goes by .
/bighome/dkamebley/vlm_mia/experiments/runs/cc3m/shared/images/member_0194.jpg	an elevated park and walkway built on old railway viaduct
/bighome/dkamebley/vlm_mia/experiments/runs/cc3m/shared/images/member_0195.jpg	stock vector illustration - year of the dog with inscription on white background
/bighome/dkamebley/vlm_mia/experiments/runs/cc3m/shared/images/member_0196.jpg	stock footage of an industrial power station pumping smoke into the atmosphere , green issue
/bighome/dkamebley/vlm_mia/experiments/runs/cc3m/shared/images/member_0197.jpg	spacecraft manufacturer crashed a rocket into the moon last year to kick up debris for analysis , revealing previously unknown chemical complexity .
/bighome/dkamebley/vlm_mia/experiments/runs/cc3m/shared/images/member_0198.jpg	ship docked at a wharf on person
/bighome/dkamebley/vlm_mia/experiments/runs/cc3m/shared/images/member_0199.jpg	image of the ring being given to the groom from the best man at a traditional wedding
/bighome/dkamebley/vlm_mia/experiments/runs/cc3m/shared/images/member_0200.jpg	lifeguards parade past road during show
/bighome/dkamebley/vlm_mia/experiments/runs/cc3m/shared/images/member_0201.jpg	vector , low polygon 3d palm tree on lonely island in the ocean stock vector
/bighome/dkamebley/vlm_mia/experiments/runs/cc3m/shared/images/member_0202.jpg	photo of a map and the capital
/bighome/dkamebley/vlm_mia/experiments/runs/cc3m/shared/images/member_0203.jpg	a wooden bridge in the forest
/bighome/dkamebley/vlm_mia/experiments/runs/cc3m/shared/images/member_0204.jpg	promotion at a street fair in the neighborhood .
/bighome/dkamebley/vlm_mia/experiments/runs/cc3m/shared/images/member_0205.jpg	the beautiful fountain with tourists at night .
/bighome/dkamebley/vlm_mia/experiments/runs/cc3m/shared/images/member_0206.jpg	this site is really worth noting lots of information .
/bighome/dkamebley/vlm_mia/experiments/runs/cc3m/shared/images/member_0207.jpg	this is your view fly fishing .
/bighome/dkamebley/vlm_mia/experiments/runs/cc3m/shared/images/member_0208.jpg	cowboy boots , with a cool embossed leather design on the shaft .
/bighome/dkamebley/vlm_mia/experiments/runs/cc3m/shared/images/member_0209.jpg	apartment therapy saving the world , room at a time
/bighome/dkamebley/vlm_mia/experiments/runs/cc3m/shared/images/member_0210.jpg	photo of a girl praying
/bighome/dkamebley/vlm_mia/experiments/runs/cc3m/shared/images/member_0211.jpg	opt for comfort in a green coat and blue ripped skinny jeans .
/bighome/dkamebley/vlm_mia/experiments/runs/cc3m/shared/images/member_0212.jpg	living room with the exit to the shaded terrace
/bighome/dkamebley/vlm_mia/experiments/runs/cc3m/shared/images/member_0213.jpg	engineers talking at a construction site
/bighome/dkamebley/vlm_mia/experiments/runs/cc3m/shared/images/member_0214.jpg	old carriage exposed in the palace
/bighome/dkamebley/vlm_mia/experiments/runs/cc3m/shared/images/member_0215.jpg	bouquet of roses formed as cross on a grave
/bighome/dkamebley/vlm_mia/experiments/runs/cc3m/shared/images/member_0216.jpg	drawing of the retro green car .
/bighome/dkamebley/vlm_mia/experiments/runs/cc3m/shared/images/member_0217.jpg	athlete wins gold in the men 's 200m t44 during day
/bighome/dkamebley/vlm_mia/experiments/runs/cc3m/shared/images/member_0218.jpg	shot of a brick wall , painted grey , with imperfections left in to add to authenticity with copy space for the designer
/bighome/dkamebley/vlm_mia/experiments/runs/cc3m/shared/images/member_0219.jpg	person , a military working dog , waits for orders from his handler during training
/bighome/dkamebley/vlm_mia/experiments/runs/cc3m/shared/images/member_0220.jpg	the clergy were served communion first , and then sent to serve others in the crowd .
/bighome/dkamebley/vlm_mia/experiments/runs/cc3m/shared/images/member_0221.jpg	sliced fresh red cabbage on a small wooden chopping board and cooks knife to the side
/bighome/dkamebley/vlm_mia/experiments/runs/cc3m/shared/images/member_0222.jpg	a time lapsed with the sun setting behind a tall building as part of the city skyline
/bighome/dkamebley/vlm_mia/experiments/runs/cc3m/shared/images/member_0223.jpg	love these purple highlights on brown hair
/bighome/dkamebley/vlm_mia/experiments/runs/cc3m/shared/images/member_0224.jpg	this year we 're bringing you even more halloween costume ideas for guys with beards and mustaches !
/bighome/dkamebley/vlm_mia/experiments/runs/cc3m/shared/images/member_0225.jpg	vegetable crops growing in an allotment
/bighome/dkamebley/vlm_mia/experiments/runs/cc3m/shared/images/member_0226.jpg	pop artist is stunning in this dress .
/bighome/dkamebley/vlm_mia/experiments/runs/cc3m/shared/images/member_0227.jpg	logo is seen behind a traffic light .
/bighome/dkamebley/vlm_mia/experiments/runs/cc3m/shared/images/member_0228.jpg	person of a city carries the ball as person attempts a tackle friday night .
/bighome/dkamebley/vlm_mia/experiments/runs/cc3m/shared/images/member_0229.jpg	fruits for sale on a fruit stand .
/bighome/dkamebley/vlm_mia/experiments/runs/cc3m/shared/images/member_0230.jpg	the large trunks of eucalyptus trees lining a country road
/bighome/dkamebley/vlm_mia/experiments/runs/cc3m/shared/images/member_0231.jpg	a girl watches a polo match during the festival
/bighome/dkamebley/vlm_mia/experiments/runs/cc3m/shared/images/member_0232.jpg	wine bottles on a wooden shelf
/bighome/dkamebley/vlm_mia/experiments/runs/cc3m/shared/images/member_0233.jpg	person outfitted warriors : how troops looked during the battle as portrayed .
/bighome/dkamebley/vlm_mia/experiments/runs/cc3m/shared/images/member_0234.jpg	beautiful infant child baby with bottle on a white background
/bighome/dkamebley/vlm_mia/experiments/runs/cc3m/shared/images/member_0235.jpg	the cast appears during week of the show .
/bighome/dkamebley/vlm_mia/experiments/runs/cc3m/shared/images/member_0236.jpg	coconut in a woman 's hand
/bighome/dkamebley/vlm_mia/experiments/runs/cc3m/shared/images/member_0237.jpg	actor is all smiles with person !
/bighome/dkamebley/vlm_mia/experiments/runs/cc3m/shared/images/member_0238.jpg	aircraft were flown by the famed volunteers
/bighome/dkamebley/vlm_mia/experiments/runs/cc3m/shared/images/member_0239.jpg	stacked a few rocks and made an arch at the beach the other day .
/bighome/dkamebley/vlm_mia/experiments/runs/cc3m/shared/images/member_0240.jpg	a decaying building that once housed retail has been bought and will be turned into offices
/bighome/dkamebley/vlm_mia/experiments/runs/cc3m/shared/images/member_0241.jpg	a red car is driving very fast through a village .
/bighome/dkamebley/vlm_mia/experiments/runs/cc3m/shared/images/member_0242.jpg	female is wearing a shirt tied around her waist and black shorts
/bighome/dkamebley/vlm_mia/experiments/runs/cc3m/shared/images/member_0243.jpg	a dark - haired young woman with a clock in her hand , startled as she is late again
/bighome/dkamebley/vlm_mia/experiments/runs/cc3m/shared/images/member_0244.jpg	these special mismatched socks are knit with shades of gray , black and white .
/bighome/dkamebley/vlm_mia/experiments/runs/cc3m/shared/images/member_0245.jpg	a federal agent stands outside of a building .
/bighome/dkamebley/vlm_mia/experiments/runs/cc3m/shared/images/member_0246.jpg	what shade of lipstick are you wearing today ?
/bighome/dkamebley/vlm_mia/experiments/runs/cc3m/shared/images/member_0247.jpg	kids playing on the beach
/bighome/dkamebley/vlm_mia/experiments/runs/cc3m/shared/images/member_0248.jpg	the statue of politician in front .
/bighome/dkamebley/vlm_mia/experiments/runs/cc3m/shared/images/member_0249.jpg	facing bricks were chosen to compliment the main facade .
/bighome/dkamebley/vlm_mia/experiments/runs/cc3m/shared/images/member_0250.jpg	gorge carved out by river .
/bighome/dkamebley/vlm_mia/experiments/runs/cc3m/shared/images/member_0251.jpg	a bit of river on our walk to the falls
/bighome/dkamebley/vlm_mia/experiments/runs/cc3m/shared/images/member_0252.jpg	tennis player is a-time champion of tennis tournament .
/bighome/dkamebley/vlm_mia/experiments/runs/cc3m/shared/images/member_0253.jpg	many hands want to rule or care for the world
/bighome/dkamebley/vlm_mia/experiments/runs/cc3m/shared/images/member_0254.jpg	a woman leading a horse on the halter through the long grass in a field
/bighome/dkamebley/vlm_mia/experiments/runs/cc3m/shared/images/member_0255.jpg	a comedy make for the boys in issue !
/bighome/dkamebley/vlm_mia/experiments/runs/cc3m/shared/images/member_0256.jpg	vintage sewing pattern reissued with a new picture on the cover .
/bighome/dkamebley/vlm_mia/experiments/runs/cc3m/shared/images/member_0257.jpg	calm bay side of the island
/bighome/dkamebley/vlm_mia/experiments/runs/cc3m/shared/images/member_0258.jpg	a man is cutting down a tree with an axe and then with a chainsaw .
/bighome/dkamebley/vlm_mia/experiments/runs/cc3m/shared/images/member_0259.jpg	bright red - orange sunrise behind the mountain
/bighome/dkamebley/vlm_mia/experiments/runs/cc3m/shared/images/member_0260.jpg	view to wall painting the kiss
/bighome/dkamebley/vlm_mia/experiments/runs/cc3m/shared/images/member_0261.jpg	5ft sculptures in driftwood & bronze all sizes
/bighome/dkamebley/vlm_mia/experiments/runs/cc3m/shared/images/member_0262.jpg	the first of times wading through rivers .
/bighome/dkamebley/vlm_mia/experiments/runs/cc3m/shared/images/member_0263.jpg	close view of water shimmering in the sunlight .
/bighome/dkamebley/vlm_mia/experiments/runs/cc3m/shared/images/member_0264.jpg	politician received an award for his support at an event to celebrate the 400th anniversary
/bighome/dkamebley/vlm_mia/experiments/runs/cc3m/shared/images/member_0265.jpg	a red vintage car is driving on a main road and the lady inside is lifting her hands up .
/bighome/dkamebley/vlm_mia/experiments/runs/cc3m/shared/images/member_0266.jpg	politician delivers his sixth state of the speech
/bighome/dkamebley/vlm_mia/experiments/runs/cc3m/shared/images/member_0267.jpg	animated silhouette young woman running on the white background .
/bighome/dkamebley/vlm_mia/experiments/runs/cc3m/shared/images/member_0268.jpg	dozens of monarch butterflies are gathered on a tree branch in the forest
/bighome/dkamebley/vlm_mia/experiments/runs/cc3m/shared/images/member_0269.jpg	huge windows and a single spacious setting , down to the last detail .
/bighome/dkamebley/vlm_mia/experiments/runs/cc3m/shared/images/member_0270.jpg	cows on a summer pasture .
/bighome/dkamebley/vlm_mia/experiments/runs/cc3m/shared/images/member_0271.jpg	dough waiting for the oven
/bighome/dkamebley/vlm_mia/experiments/runs/cc3m/shared/images/member_0272.jpg	coffin loaded onto a train
/bighome/dkamebley/vlm_mia/experiments/runs/cc3m/shared/images/member_0273.jpg	boys walking with their father on the sandy beach
/bighome/dkamebley/vlm_mia/experiments/runs/cc3m/shared/images/member_0274.jpg	a new frozen drink with beverage !
/bighome/dkamebley/vlm_mia/experiments/runs/cc3m/shared/images/member_0275.jpg	boating in a canal with facades of townhouses
/bighome/dkamebley/vlm_mia/experiments/runs/cc3m/shared/images/member_0276.jpg	happiness lies within a heart filled with gratitude
/bighome/dkamebley/vlm_mia/experiments/runs/cc3m/shared/images/member_0277.jpg	an office building with repetitive blue windows
/bighome/dkamebley/vlm_mia/experiments/runs/cc3m/shared/images/member_0278.jpg	quality and beauty is embraced with all our jewelry .
/bighome/dkamebley/vlm_mia/experiments/runs/cc3m/shared/images/member_0279.jpg	government agency drives along the fence that divides us state and constitutional republic
/bighome/dkamebley/vlm_mia/experiments/runs/cc3m/shared/images/member_0280.jpg	picnic table carved from a whole tree
/bighome/dkamebley/vlm_mia/experiments/runs/cc3m/shared/images/member_0281.jpg	chef holding a boiling hen sitting in a pot
/bighome/dkamebley/vlm_mia/experiments/runs/cc3m/shared/images/member_0282.jpg	people walking in the rain
/bighome/dkamebley/vlm_mia/experiments/runs/cc3m/shared/images/member_0283.jpg	hot chocolate and a coffee with cream
/bighome/dkamebley/vlm_mia/experiments/runs/cc3m/shared/images/member_0284.jpg	tired & dated decor in the living room .
/bighome/dkamebley/vlm_mia/experiments/runs/cc3m/shared/images/member_0285.jpg	racecar driver of person steers his car during event
/bighome/dkamebley/vlm_mia/experiments/runs/cc3m/shared/images/member_0286.jpg	despite our concerns with the snow , there were pretty good turns .
/bighome/dkamebley/vlm_mia/experiments/runs/cc3m/shared/images/member_0287.jpg	collage showing different phases of the geyser
/bighome/dkamebley/vlm_mia/experiments/runs/cc3m/shared/images/member_0288.jpg	young people celebrating labor day at the first of may
/bighome/dkamebley/vlm_mia/experiments/runs/cc3m/shared/images/member_0289.jpg	the driveway as you enter the big blue gate with space for parking
/bighome/dkamebley/vlm_mia/experiments/runs/cc3m/shared/images/member_0290.jpg	a street during my first day .
/bighome/dkamebley/vlm_mia/experiments/runs/cc3m/shared/images/member_0291.jpg	buildings line the market square , with its fountain
/bighome/dkamebley/vlm_mia/experiments/runs/cc3m/shared/images/member_0292.jpg	attractive couple in hotel or apartment go onto the balcony to look at the view
/bighome/dkamebley/vlm_mia/experiments/runs/cc3m/shared/images/member_0293.jpg	cold bottles of beer in the brazen bucket
/bighome/dkamebley/vlm_mia/experiments/runs/cc3m/shared/images/member_0294.jpg	buddhist place of worship was covered in scaffolding which spoiled the visit .
/bighome/dkamebley/vlm_mia/experiments/runs/cc3m/shared/images/member_0295.jpg	garland with bright lights inside a glass jar
/bighome/dkamebley/vlm_mia/experiments/runs/cc3m/shared/images/member_0296.jpg	baseball player prepares to hit during batting practice for game .
/bighome/dkamebley/vlm_mia/experiments/runs/cc3m/shared/images/member_0297.jpg	young yoga woman meditating in lotus pose on the beach at sunset
/bighome/dkamebley/vlm_mia/experiments/runs/cc3m/shared/images/member_0298.jpg	single olive tree planted in the center of a dry and cracked soil
/bighome/dkamebley/vlm_mia/experiments/runs/cc3m/shared/images/member_0299.jpg	happy friends in the park having barbecue
/bighome/dkamebley/vlm_mia/experiments/runs/cc3m/shared/images/member_0300.jpg	not sure about climbing a ladder each time i need a book , but this shelving is beautiful !
/bighome/dkamebley/vlm_mia/experiments/runs/cc3m/shared/images/member_0301.jpg	portrait of a boy carrying a pineapple on his head
/bighome/dkamebley/vlm_mia/experiments/runs/cc3m/shared/images/member_0302.jpg	farmhouse in a harvested lavender field
/bighome/dkamebley/vlm_mia/experiments/runs/cc3m/shared/images/member_0303.jpg	a nurse checking the heart rate of an elderly man
/bighome/dkamebley/vlm_mia/experiments/runs/cc3m/shared/images/member_0304.jpg	person , which is getting ready for a loved - up weekend
/bighome/dkamebley/vlm_mia/experiments/runs/cc3m/shared/images/member_0305.jpg	young woman hiker sitting at the tree and taking photos of the forest around on the vintage camera .
/bighome/dkamebley/vlm_mia/experiments/runs/cc3m/shared/images/member_0306.jpg	businessman with a notebook sitting in a cardboard box
/bighome/dkamebley/vlm_mia/experiments/runs/cc3m/shared/images/member_0307.jpg	image depicting the beautiful waterfall
/bighome/dkamebley/vlm_mia/experiments/runs/cc3m/shared/images/member_0308.jpg	the beautiful ballerina dancing in blue long dress
/bighome/dkamebley/vlm_mia/experiments/runs/cc3m/shared/images/member_0309.jpg	vehicles working in a quarry
/bighome/dkamebley/vlm_mia/experiments/runs/cc3m/shared/images/member_0310.jpg	an old sign in front of a motel
/bighome/dkamebley/vlm_mia/experiments/runs/cc3m/shared/images/member_0311.jpg	soccer ball laying on the grass
/bighome/dkamebley/vlm_mia/experiments/runs/cc3m/shared/images/member_0312.jpg	cars packed tightly in a parking lot .
/bighome/dkamebley/vlm_mia/experiments/runs/cc3m/shared/images/member_0313.jpg	handicapped man sits in a wheel chair in a public park
/bighome/dkamebley/vlm_mia/experiments/runs/cc3m/shared/images/member_0314.jpg	aerial view of a road junction
/bighome/dkamebley/vlm_mia/experiments/runs/cc3m/shared/images/member_0315.jpg	aerial view of suburbs and the meandering vietnam
/bighome/dkamebley/vlm_mia/experiments/runs/cc3m/shared/images/member_0316.jpg	photo of a bride in her wedding gown at the beach , stand at the shore
/bighome/dkamebley/vlm_mia/experiments/runs/cc3m/shared/images/member_0317.jpg	bridge is lone railway line that is built over the humongous sea
/bighome/dkamebley/vlm_mia/experiments/runs/cc3m/shared/images/member_0318.jpg	all the fun of the fair on the final weekend before western christian holiday
/bighome/dkamebley/vlm_mia/experiments/runs/cc3m/shared/images/member_0319.jpg	funny event was for a serious cause
/bighome/dkamebley/vlm_mia/experiments/runs/cc3m/shared/images/member_0320.jpg	anniversary photography by the sea .
/bighome/dkamebley/vlm_mia/experiments/runs/cc3m/shared/images/member_0321.jpg	the old building , pictured under construction
/bighome/dkamebley/vlm_mia/experiments/runs/cc3m/shared/images/member_0322.jpg	heating of ready - to - serve meals in hot water .
/bighome/dkamebley/vlm_mia/experiments/runs/cc3m/shared/images/member_0323.jpg	businessman works in a conference room with his laptop .
/bighome/dkamebley/vlm_mia/experiments/runs/cc3m/shared/images/member_0324.jpg	let this before and after be an example of the difference between having a hair cut and having a hair style .
/bighome/dkamebley/vlm_mia/experiments/runs/cc3m/shared/images/member_0325.jpg	painting artist , drawn with a grid
/bighome/dkamebley/vlm_mia/experiments/runs/cc3m/shared/images/member_0326.jpg	before demolition - originally on the current site
/bighome/dkamebley/vlm_mia/experiments/runs/cc3m/shared/images/member_0327.jpg	on the side the moon rises over the tall cranes that load and unload cargo
/bighome/dkamebley/vlm_mia/experiments/runs/cc3m/shared/images/member_0328.jpg	black and white photo of a bride in a gown with her father in a black tuxedo
/bighome/dkamebley/vlm_mia/experiments/runs/cc3m/shared/images/member_0329.jpg	painting of a joyful old woman by person
/bighome/dkamebley/vlm_mia/experiments/runs/cc3m/shared/images/member_0330.jpg	airline on the sky background
/bighome/dkamebley/vlm_mia/experiments/runs/cc3m/shared/images/member_0331.jpg	champagne and bridal party bouquets in vases on the bridal table
/bighome/dkamebley/vlm_mia/experiments/runs/cc3m/shared/images/member_0332.jpg	a colorful sunset glows above lake in the high desert
/bighome/dkamebley/vlm_mia/experiments/runs/cc3m/shared/images/member_0333.jpg	time lapse of a landscape in the outback
/bighome/dkamebley/vlm_mia/experiments/runs/cc3m/shared/images/member_0334.jpg	clouds on the tops of mountains .
/bighome/dkamebley/vlm_mia/experiments/runs/cc3m/shared/images/member_0335.jpg	race held during festival held
/bighome/dkamebley/vlm_mia/experiments/runs/cc3m/shared/images/member_0336.jpg	noble title and monarch arrive for the dinner with person wearing a pale peach flowing gown with her hair in a chic 1920s style
/bighome/dkamebley/vlm_mia/experiments/runs/cc3m/shared/images/member_0337.jpg	boys shepherd a flock of goats and sheep across a field below the ancient site
/bighome/dkamebley/vlm_mia/experiments/runs/cc3m/shared/images/member_0338.jpg	aerial of old abandoned western barn on a ranch
/bighome/dkamebley/vlm_mia/experiments/runs/cc3m/shared/images/member_0339.jpg	in a world full of trends i want to remain a classic . quotes for - photos
/bighome/dkamebley/vlm_mia/experiments/runs/cc3m/shared/images/member_0340.jpg	waves foaming on the pebbled beach in sunshine
/bighome/dkamebley/vlm_mia/experiments/runs/cc3m/shared/images/member_0341.jpg	for premiere , the star left little to the imagination .
/bighome/dkamebley/vlm_mia/experiments/runs/cc3m/shared/images/member_0342.jpg	soldier presenting an american flag
/bighome/dkamebley/vlm_mia/experiments/runs/cc3m/shared/images/member_0343.jpg	this is a close up picture of the map .
/bighome/dkamebley/vlm_mia/experiments/runs/cc3m/shared/images/member_0344.jpg	office worker sitting at the table and working on the computer .
/bighome/dkamebley/vlm_mia/experiments/runs/cc3m/shared/images/member_0345.jpg	change the color of your eyes without honey or contacts ... forever !
/bighome/dkamebley/vlm_mia/experiments/runs/cc3m/shared/images/member_0346.jpg	beautiful layered hairstyles for women over 50 .
/bighome/dkamebley/vlm_mia/experiments/runs/cc3m/shared/images/member_0347.jpg	sunset overlooking river and mt .
/bighome/dkamebley/vlm_mia/experiments/runs/cc3m/shared/images/member_0348.jpg	beach chairs on the beach
/bighome/dkamebley/vlm_mia/experiments/runs/cc3m/shared/images/member_0349.jpg	costumed and masked attendees pose for the crowds
/bighome/dkamebley/vlm_mia/experiments/runs/cc3m/shared/images/member_0350.jpg	lichen and mosses in the surface of the sea , view from above
/bighome/dkamebley/vlm_mia/experiments/runs/cc3m/shared/images/member_0351.jpg	cape ... boats in the harbor
/bighome/dkamebley/vlm_mia/experiments/runs/cc3m/shared/images/member_0352.jpg	person on the leaves of biological genus
/bighome/dkamebley/vlm_mia/experiments/runs/cc3m/shared/images/member_0353.jpg	no smoking sign on bridge of container ship at port
/bighome/dkamebley/vlm_mia/experiments/runs/cc3m/shared/images/member_0354.jpg	scientist showing a graph on the blackboard
/bighome/dkamebley/vlm_mia/experiments/runs/cc3m/shared/images/member_0355.jpg	bumblebee on the flower collecting nectar
/bighome/dkamebley/vlm_mia/experiments/runs/cc3m/shared/images/member_0356.jpg	bride with her hair blowing in the breeze during a bridal session .
/bighome/dkamebley/vlm_mia/experiments/runs/cc3m/shared/images/member_0357.jpg	winner of the silver and bronze medals ski jumper
/bighome/dkamebley/vlm_mia/experiments/runs/cc3m/shared/images/member_0358.jpg	players celebrate winning the person
/bighome/dkamebley/vlm_mia/experiments/runs/cc3m/shared/images/member_0359.jpg	silver autonomous car parking at the side of the road
/bighome/dkamebley/vlm_mia/experiments/runs/cc3m/shared/images/member_0360.jpg	pop rock artist and actor .
/bighome/dkamebley/vlm_mia/experiments/runs/cc3m/shared/images/member_0361.jpg	production designer and actor at awards ©
/bighome/dkamebley/vlm_mia/experiments/runs/cc3m/shared/images/member_0362.jpg	business people working in the office
/bighome/dkamebley/vlm_mia/experiments/runs/cc3m/shared/images/member_0363.jpg	young business woman drinking coffee and watching to the laptop computer at the office .
/bighome/dkamebley/vlm_mia/experiments/runs/cc3m/shared/images/member_0364.jpg	love the table ... entry way with a french door
/bighome/dkamebley/vlm_mia/experiments/runs/cc3m/shared/images/member_0365.jpg	make the most of your closet with our fabulous products !
/bighome/dkamebley/vlm_mia/experiments/runs/cc3m/shared/images/member_0366.jpg	it has been a struggle for american football player as coach .
/bighome/dkamebley/vlm_mia/experiments/runs/cc3m/shared/images/member_0367.jpg	male hand holding a glass with tequila .
/bighome/dkamebley/vlm_mia/experiments/runs/cc3m/shared/images/member_0368.jpg	periodical ranks parliamentary republic in the top most beautiful countries in the world
/bighome/dkamebley/vlm_mia/experiments/runs/cc3m/shared/images/member_0369.jpg	players celebrate winning a round - of - 32 win against football team .
/bighome/dkamebley/vlm_mia/experiments/runs/cc3m/shared/images/member_0370.jpg	of rain , and dark , and a wet leaf ... by fictional character
/bighome/dkamebley/vlm_mia/experiments/runs/cc3m/shared/images/member_0371.jpg	an appearance on the big stage in the blood of many artists
/bighome/dkamebley/vlm_mia/experiments/runs/cc3m/shared/images/member_0372.jpg	person hits the south coast
/bighome/dkamebley/vlm_mia/experiments/runs/cc3m/shared/images/member_0373.jpg	ship sailing up tourist attraction
/bighome/dkamebley/vlm_mia/experiments/runs/cc3m/shared/images/member_0374.jpg	picture # in her fury she seized beautiful hair , wound it several times around her left hand and picked up a pair of scissors in her right hand .
/bighome/dkamebley/vlm_mia/experiments/runs/cc3m/shared/images/member_0375.jpg	tourists on the wonderful beach
/bighome/dkamebley/vlm_mia/experiments/runs/cc3m/shared/images/member_0376.jpg	# boats # 70th # birthday greeting card .
/bighome/dkamebley/vlm_mia/experiments/runs/cc3m/shared/images/member_0377.jpg	fisherman sitting on pier with rod flat icon on a blue background vector
/bighome/dkamebley/vlm_mia/experiments/runs/cc3m/shared/images/member_0378.jpg	tv programme creator of the 1980s - anatomy of a cover - g.i. person
/bighome/dkamebley/vlm_mia/experiments/runs/cc3m/shared/images/member_0379.jpg	making stencils from contact paper is cheap , lets you cut your own designs , you can make really big stencils and best of all , the stencil stays in place !
/bighome/dkamebley/vlm_mia/experiments/runs/cc3m/shared/images/member_0380.jpg	alligator resting in shallow waters on a sunny day
/bighome/dkamebley/vlm_mia/experiments/runs/cc3m/shared/images/member_0381.jpg	young woman walking on a beam in the sea
/bighome/dkamebley/vlm_mia/experiments/runs/cc3m/shared/images/member_0382.jpg	twisted arms on a saguaro cactus
/bighome/dkamebley/vlm_mia/experiments/runs/cc3m/shared/images/member_0383.jpg	the north front and industry in july .
/bighome/dkamebley/vlm_mia/experiments/runs/cc3m/shared/images/member_0384.jpg	young man talking on a mobile phone and leaning against a motorcycle
/bighome/dkamebley/vlm_mia/experiments/runs/cc3m/shared/images/member_0385.jpg	ripe bananas on a striped surface
/bighome/dkamebley/vlm_mia/experiments/runs/cc3m/shared/images/member_0386.jpg	person canoeing in a traditional dugout canoe
/bighome/dkamebley/vlm_mia/experiments/runs/cc3m/shared/images/member_0387.jpg	noble person wore this hat .
/bighome/dkamebley/vlm_mia/experiments/runs/cc3m/shared/images/member_0388.jpg	abstract marble sculpture on display by the ocean at an arts festival
/bighome/dkamebley/vlm_mia/experiments/runs/cc3m/shared/images/member_0389.jpg	brightly coloured spices on display
/bighome/dkamebley/vlm_mia/experiments/runs/cc3m/shared/images/member_0390.jpg	mexican dish is one of my favorite cook once and eat it all week long dishes !
/bighome/dkamebley/vlm_mia/experiments/runs/cc3m/shared/images/member_0391.jpg	the - map of us railroads
/bighome/dkamebley/vlm_mia/experiments/runs/cc3m/shared/images/member_0392.jpg	middle aged man smiles and laughs with a woman on a date , sunny day
/bighome/dkamebley/vlm_mia/experiments/runs/cc3m/shared/images/member_0393.jpg	primary view of object titled .
/bighome/dkamebley/vlm_mia/experiments/runs/cc3m/shared/images/member_0394.jpg	little girl and her puppy taking a ride in their new car .
/bighome/dkamebley/vlm_mia/experiments/runs/cc3m/shared/images/member_0395.jpg	i 've seen her in concert , but meeting her is way up there on the bucket list .
/bighome/dkamebley/vlm_mia/experiments/runs/cc3m/shared/images/member_0396.jpg	traffic jam and gridlock in the city
/bighome/dkamebley/vlm_mia/experiments/runs/cc3m/shared/images/member_0397.jpg	you can never be too old for video game developer !
/bighome/dkamebley/vlm_mia/experiments/runs/cc3m/shared/images/member_0398.jpg	sliding barn door in the laundry room
/bighome/dkamebley/vlm_mia/experiments/runs/cc3m/shared/images/member_0399.jpg	pretty small white flowers blooming in a garden
