/bighome/dkamebley/vlm_mia/experiments/runs/cc3m/shared/images/nonmember_0400.jpg	light shining through the leaves of trees , natural background
/bighome/dkamebley/vlm_mia/experiments/runs/cc3m/shared/images/nonmember_0401.jpg	aerial view toward west seen taken from the top of a building site located
/bighome/dkamebley/vlm_mia/experiments/runs/cc3m/shared/images/nonmember_0402.jpg	small pond in a nature reserve
/bighome/dkamebley/vlm_mia/experiments/runs/cc3m/shared/images/nonmember_0403.jpg	the top of tower in the commercial district , showing the logo and name
/bighome/dkamebley/vlm_mia/experiments/runs/cc3m/shared/images/nonmember_0404.jpg	road with the sun breaking through dark clouds
/bighome/dkamebley/vlm_mia/experiments/runs/cc3m/shared/images/nonmember_0405.jpg	bare trees in the winter sun
/bighome/dkamebley/vlm_mia/experiments/runs/cc3m/shared/images/nonmember_0406.jpg	river in an area known as person
/bighome/dkamebley/vlm_mia/experiments/runs/cc3m/shared/images/nonmember_0407.jpg	head of a young modern woman and her thoughts .
/bighome/dkamebley/vlm_mia/experiments/runs/cc3m/shared/images/nonmember_0408.jpg	doctors talking to a senior patient
/bighome/dkamebley/vlm_mia/experiments/runs/cc3m/shared/images/nonmember_0409.jpg	view over the southern hills with blue sky
/bighome/dkamebley/vlm_mia/experiments/runs/cc3m/shared/images/nonmember_0410.jpg	gold bracelets in a shop window
/bighome/dkamebley/vlm_mia/experiments/runs/cc3m/shared/images/nonmember_0411.jpg	person and girl are online shopping .
/bighome/dkamebley/vlm_mia/experiments/runs/cc3m/shared/images/nonmember_0412.jpg	the swimming pool at home .
/bighome/dkamebley/vlm_mia/experiments/runs/cc3m/shared/images/nonmember_0413.jpg	autograph night of the comet mini poster
/bighome/dkamebley/vlm_mia/experiments/runs/cc3m/shared/images/nonmember_0414.jpg	desert and cactus in the snow
/bighome/dkamebley/vlm_mia/experiments/runs/cc3m/shared/images/nonmember_0415.jpg	portrait of boy standing on a road with his skateboard
/bighome/dkamebley/vlm_mia/experiments/runs/cc3m/shared/images/nonmember_0416.jpg	the gold interiors of the 16th century church .
/bighome/dkamebley/vlm_mia/experiments/runs/cc3m/shared/images/nonmember_0417.jpg	people waiting on the platform at the train station designed by artist
/bighome/dkamebley/vlm_mia/experiments/runs/cc3m/shared/images/nonmember_0418.jpg	4k time lapse city view from day to night overlooking the city skyline with busy traffic of cars and trains
/bighome/dkamebley/vlm_mia/experiments/runs/cc3m/shared/images/nonmember_0419.jpg	another particularly ornate statue from the museum .
/bighome/dkamebley/vlm_mia/experiments/runs/cc3m/shared/images/nonmember_0420.jpg	the abandoned and wrecked building
/bighome/dkamebley/vlm_mia/experiments/runs/cc3m/shared/images/nonmember_0421.jpg	shop domino for the top brands in home decor and be inspired by celebrity homes and famous interior designers .
/bighome/dkamebley/vlm_mia/experiments/runs/cc3m/shared/images/nonmember_0422.jpg	animal perched on a tree
/bighome/dkamebley/vlm_mia/experiments/runs/cc3m/shared/images/nonmember_0423.jpg	use your beard for more than a decoration !
/bighome/dkamebley/vlm_mia/experiments/runs/cc3m/shared/images/nonmember_0424.jpg	cookie singing with person at the keyboard but not actually playing
/bighome/dkamebley/vlm_mia/experiments/runs/cc3m/shared/images/nonmember_0425.jpg	a cow in the meadows of mountains
/bighome/dkamebley/vlm_mia/experiments/runs/cc3m/shared/images/nonmember_0426.jpg	a young boy runs with a national flag as a flock of pigeons is seen at the front , on the eve of celebrations on monday .
/bighome/dkamebley/vlm_mia/experiments/runs/cc3m/shared/images/nonmember_0427.jpg	aerial view of downtown and bridge in sunrise - drone video
/bighome/dkamebley/vlm_mia/experiments/runs/cc3m/shared/images/nonmember_0428.jpg	invention with collectors are bears dressed as sailors .
/bighome/dkamebley/vlm_mia/experiments/runs/cc3m/shared/images/nonmember_0429.jpg	linen drying on the balcony .
/bighome/dkamebley/vlm_mia/experiments/runs/cc3m/shared/images/nonmember_0430.jpg	abstract background of a heart made up of particles .
/bighome/dkamebley/vlm_mia/experiments/runs/cc3m/shared/images/nonmember_0431.jpg	beautiful teenage girl in hat happily hugs her dog on a white background stock footage video
/bighome/dkamebley/vlm_mia/experiments/runs/cc3m/shared/images/nonmember_0432.jpg	cat in the hat make up .
/bighome/dkamebley/vlm_mia/experiments/runs/cc3m/shared/images/nonmember_0433.jpg	family on a farm in autumn .
/bighome/dkamebley/vlm_mia/experiments/runs/cc3m/shared/images/nonmember_0434.jpg	interior design ideas for the kitchen and the different styles of cuisine
/bighome/dkamebley/vlm_mia/experiments/runs/cc3m/shared/images/nonmember_0435.jpg	a leather jacket draped over an all - black outfit
/bighome/dkamebley/vlm_mia/experiments/runs/cc3m/shared/images/nonmember_0436.jpg	military commander addressing a crowd
/bighome/dkamebley/vlm_mia/experiments/runs/cc3m/shared/images/nonmember_0437.jpg	an illustration of a burning flaming baseball ball on fire tearing a hole through a brick wall
/bighome/dkamebley/vlm_mia/experiments/runs/cc3m/shared/images/nonmember_0438.jpg	shot of three generations of a family laughing with their dog
/bighome/dkamebley/vlm_mia/experiments/runs/cc3m/shared/images/nonmember_0439.jpg	design details for a home - like stay
/bighome/dkamebley/vlm_mia/experiments/runs/cc3m/shared/images/nonmember_0440.jpg	hard rock artist , bassist and vocalist from the rock band , at his home
/bighome/dkamebley/vlm_mia/experiments/runs/cc3m/shared/images/nonmember_0441.jpg	autumn single leaf isolated on the white background
/bighome/dkamebley/vlm_mia/experiments/runs/cc3m/shared/images/nonmember_0442.jpg	young people canoeing in the lake at sunset
/bighome/dkamebley/vlm_mia/experiments/runs/cc3m/shared/images/nonmember_0443.jpg	view inside the restaurant at the hotel
/bighome/dkamebley/vlm_mia/experiments/runs/cc3m/shared/images/nonmember_0444.jpg	giant sea cliffs with a rainbow - nature
/bighome/dkamebley/vlm_mia/experiments/runs/cc3m/shared/images/nonmember_0445.jpg	in a glass pour the juice
/bighome/dkamebley/vlm_mia/experiments/runs/cc3m/shared/images/nonmember_0446.jpg	chef and tv personality on a family outing
/bighome/dkamebley/vlm_mia/experiments/runs/cc3m/shared/images/nonmember_0447.jpg	actors playing chess on the set
/bighome/dkamebley/vlm_mia/experiments/runs/cc3m/shared/images/nonmember_0448.jpg	we walked this loop on our trip - i have a picture of this exact tree !
/bighome/dkamebley/vlm_mia/experiments/runs/cc3m/shared/images/nonmember_0449.jpg	custom ring with lots of personality !
/bighome/dkamebley/vlm_mia/experiments/runs/cc3m/shared/images/nonmember_0450.jpg	vector background of the colorful hexagons .
/bighome/dkamebley/vlm_mia/experiments/runs/cc3m/shared/images/nonmember_0451.jpg	a green row of fresh crops grow on an agricultural farm field
/bighome/dkamebley/vlm_mia/experiments/runs/cc3m/shared/images/nonmember_0452.jpg	us state can be yours for only $32 million
/bighome/dkamebley/vlm_mia/experiments/runs/cc3m/shared/images/nonmember_0453.jpg	a spooky circular light trail above a broken fence leading to a dark forest at night
/bighome/dkamebley/vlm_mia/experiments/runs/cc3m/shared/images/nonmember_0454.jpg	the blooms are borne on extremely strong stems .
/bighome/dkamebley/vlm_mia/experiments/runs/cc3m/shared/images/nonmember_0455.jpg	a couple rowing a boat on a date
/bighome/dkamebley/vlm_mia/experiments/runs/cc3m/shared/images/nonmember_0456.jpg	basketball player , celebrity and basketball player celebrate winning the series against sports team on thursday .
/bighome/dkamebley/vlm_mia/experiments/runs/cc3m/shared/images/nonmember_0457.jpg	the cover band evolution performs at festival .
/bighome/dkamebley/vlm_mia/experiments/runs/cc3m/shared/images/nonmember_0458.jpg	a view through a hole in the city
/bighome/dkamebley/vlm_mia/experiments/runs/cc3m/shared/images/nonmember_0459.jpg	color for the new house !
/bighome/dkamebley/vlm_mia/experiments/runs/cc3m/shared/images/nonmember_0460.jpg	person will be able to get their hands on a free beer this weekend
/bighome/dkamebley/vlm_mia/experiments/runs/cc3m/shared/images/nonmember_0461.jpg	city walls in the ruins
/bighome/dkamebley/vlm_mia/experiments/runs/cc3m/shared/images/nonmember_0462.jpg	vase designed by organisation founder , painted in shades of blue on a pale blue ground
/bighome/dkamebley/vlm_mia/experiments/runs/cc3m/shared/images/nonmember_0463.jpg	dog with his puppies in the winter park
/bighome/dkamebley/vlm_mia/experiments/runs/cc3m/shared/images/nonmember_0464.jpg	in late autumn early in the morning with striking clouds
/bighome/dkamebley/vlm_mia/experiments/runs/cc3m/shared/images/nonmember_0465.jpg	travellers kayaking down the white waters
/bighome/dkamebley/vlm_mia/experiments/runs/cc3m/shared/images/nonmember_0466.jpg	called the home is located in the hamlet and is just steps from the beach
/bighome/dkamebley/vlm_mia/experiments/runs/cc3m/shared/images/nonmember_0467.jpg	sea water , tourist boats and tropical sand beach during sunrise .
/bighome/dkamebley/vlm_mia/experiments/runs/cc3m/shared/images/nonmember_0468.jpg	the streets with dutch architecture .
/bighome/dkamebley/vlm_mia/experiments/runs/cc3m/shared/images/nonmember_0469.jpg	skeletons had parked their mini outside one of our favorite restaurants .
/bighome/dkamebley/vlm_mia/experiments/runs/cc3m/shared/images/nonmember_0470.jpg	a clickable map exhibiting its states and the federal capital territory .
/bighome/dkamebley/vlm_mia/experiments/runs/cc3m/shared/images/nonmember_0471.jpg	hurricanes possibly the best steak and ribs ? any views ? it can get very rowdy though so not a great place for a romantic meal for two .
/bighome/dkamebley/vlm_mia/experiments/runs/cc3m/shared/images/nonmember_0472.jpg	a view towards the interior of the contemporary house
/bighome/dkamebley/vlm_mia/experiments/runs/cc3m/shared/images/nonmember_0473.jpg	celebrity poses for a photo .
/bighome/dkamebley/vlm_mia/experiments/runs/cc3m/shared/images/nonmember_0474.jpg	football player during football league , first round match
/bighome/dkamebley/vlm_mia/experiments/runs/cc3m/shared/images/nonmember_0475.jpg	and international style structure at night
/bighome/dkamebley/vlm_mia/experiments/runs/cc3m/shared/images/nonmember_0476.jpg	working replicas of the locomotives that met .
/bighome/dkamebley/vlm_mia/experiments/runs/cc3m/shared/images/nonmember_0477.jpg	fairy house with a bonsai tree
/bighome/dkamebley/vlm_mia/experiments/runs/cc3m/shared/images/nonmember_0478.jpg	sand dunes with grass , wooden fence and a clear summer sky
/bighome/dkamebley/vlm_mia/experiments/runs/cc3m/shared/images/nonmember_0479.jpg	happy woman in curlers and a mask on his face
/bighome/dkamebley/vlm_mia/experiments/runs/cc3m/shared/images/nonmember_0480.jpg	person nearly misses a putt as man looks on during the tournament on tuesday .
/bighome/dkamebley/vlm_mia/experiments/runs/cc3m/shared/images/nonmember_0481.jpg	dry bread on the table
/bighome/dkamebley/vlm_mia/experiments/runs/cc3m/shared/images/nonmember_0482.jpg	girl standing next to a door for the secret garden
/bighome/dkamebley/vlm_mia/experiments/runs/cc3m/shared/images/nonmember_0483.jpg	person , sunset on the beach
/bighome/dkamebley/vlm_mia/experiments/runs/cc3m/shared/images/nonmember_0484.jpg	beautiful smiling woman wearing a fur coat and hood over snow in winter day
/bighome/dkamebley/vlm_mia/experiments/runs/cc3m/shared/images/nonmember_0485.jpg	a flock of flying birds .
/bighome/dkamebley/vlm_mia/experiments/runs/cc3m/shared/images/nonmember_0486.jpg	here is the classic author 's book you need to be reading based on your zodiac sign .
/bighome/dkamebley/vlm_mia/experiments/runs/cc3m/shared/images/nonmember_0487.jpg	hanging plates to create driven by decor
/bighome/dkamebley/vlm_mia/experiments/runs/cc3m/shared/images/nonmember_0488.jpg	a woman and her son walking along the tracks of a disused railway
/bighome/dkamebley/vlm_mia/experiments/runs/cc3m/shared/images/nonmember_0489.jpg	building function at the entrance
/bighome/dkamebley/vlm_mia/experiments/runs/cc3m/shared/images/nonmember_0490.jpg	happy woman with shopping bags in the city
/bighome/dkamebley/vlm_mia/experiments/runs/cc3m/shared/images/nonmember_0491.jpg	clouds and blue sky from a drone
/bighome/dkamebley/vlm_mia/experiments/runs/cc3m/shared/images/nonmember_0492.jpg	a facade of gates and sliding panels seals the house up in rough weather or opens it up when the sun is out .
/bighome/dkamebley/vlm_mia/experiments/runs/cc3m/shared/images/nonmember_0493.jpg	a simple , seasonal salad of beetroot , feta and walnut .
/bighome/dkamebley/vlm_mia/experiments/runs/cc3m/shared/images/nonmember_0494.jpg	an old stone staircase surrounded by beautiful autumn leaves .
/bighome/dkamebley/vlm_mia/experiments/runs/cc3m/shared/images/nonmember_0495.jpg	the formation by person on 500px
/bighome/dkamebley/vlm_mia/experiments/runs/cc3m/shared/images/nonmember_0496.jpg	actor at premiere during festival .
/bighome/dkamebley/vlm_mia/experiments/runs/cc3m/shared/images/nonmember_0497.jpg	woman with a worried face while looking at her smartphone
/bighome/dkamebley/vlm_mia/experiments/runs/cc3m/shared/images/nonmember_0498.jpg	food on a - classic set
/bighome/dkamebley/vlm_mia/experiments/runs/cc3m/shared/images/nonmember_0499.jpg	reflections on a rice field
/bighome/dkamebley/vlm_mia/experiments/runs/cc3m/shared/images/nonmember_0500.jpg	apartment on the first floor of a villa with sea view
/bighome/dkamebley/vlm_mia/experiments/runs/cc3m/shared/images/nonmember_0501.jpg	the terminal that ship was due to land at , seen
/bighome/dkamebley/vlm_mia/experiments/runs/cc3m/shared/images/nonmember_0502.jpg	us census designated place defeated a city in the championship
/bighome/dkamebley/vlm_mia/experiments/runs/cc3m/shared/images/nonmember_0503.jpg	pop artist performs on stage during the tour opener .
/bighome/dkamebley/vlm_mia/experiments/runs/cc3m/shared/images/nonmember_0504.jpg	gilt bronze figure of a woman , royal line , 13th century
/bighome/dkamebley/vlm_mia/experiments/runs/cc3m/shared/images/nonmember_0505.jpg	large crack in glass in front of an orange sign
/bighome/dkamebley/vlm_mia/experiments/runs/cc3m/shared/images/nonmember_0506.jpg	kitchen decorative boxes - piled on a shelf
/bighome/dkamebley/vlm_mia/experiments/runs/cc3m/shared/images/nonmember_0507.jpg	soft wave of the sea on the sandy beach .
/bighome/dkamebley/vlm_mia/experiments/runs/cc3m/shared/images/nonmember_0508.jpg	person poses for the camera .
/bighome/dkamebley/vlm_mia/experiments/runs/cc3m/shared/images/nonmember_0509.jpg	a logo sign outside of the headquarters
/bighome/dkamebley/vlm_mia/experiments/runs/cc3m/shared/images/nonmember_0510.jpg	girl picking bills from a money tree
/bighome/dkamebley/vlm_mia/experiments/runs/cc3m/shared/images/nonmember_0511.jpg	an elephant chasing zebra at a watering hole in the savanna
/bighome/dkamebley/vlm_mia/experiments/runs/cc3m/shared/images/nonmember_0512.jpg	put the laptop on a towel to avoid any scratches .
/bighome/dkamebley/vlm_mia/experiments/runs/cc3m/shared/images/nonmember_0513.jpg	blue water on the move
/bighome/dkamebley/vlm_mia/experiments/runs/cc3m/shared/images/nonmember_0514.jpg	driving a car on the serpentine mountain
/bighome/dkamebley/vlm_mia/experiments/runs/cc3m/shared/images/nonmember_0515.jpg	female in glasses working at a laptop
/bighome/dkamebley/vlm_mia/experiments/runs/cc3m/shared/images/nonmember_0516.jpg	flying over the beach and waves during sunrise
/bighome/dkamebley/vlm_mia/experiments/runs/cc3m/shared/images/nonmember_0517.jpg	automobile model : this is at the start of a move .
/bighome/dkamebley/vlm_mia/experiments/runs/cc3m/shared/images/nonmember_0518.jpg	cats bounce and jump on a white background
/bighome/dkamebley/vlm_mia/experiments/runs/cc3m/shared/images/nonmember_0519.jpg	wide shot of fog covering filming location .
/bighome/dkamebley/vlm_mia/experiments/runs/cc3m/shared/images/nonmember_0520.jpg	woman sitting on a park bench with yellow leaves falling from trees
/bighome/dkamebley/vlm_mia/experiments/runs/cc3m/shared/images/nonmember_0521.jpg	castle and town from across the estuary
/bighome/dkamebley/vlm_mia/experiments/runs/cc3m/shared/images/nonmember_0522.jpg	even the guest house offers stunning view of turquoise waters
/bighome/dkamebley/vlm_mia/experiments/runs/cc3m/shared/images/nonmember_0523.jpg	a group shot of the donated trees at festival
/bighome/dkamebley/vlm_mia/experiments/runs/cc3m/shared/images/nonmember_0524.jpg	pizza in the shop window .
/bighome/dkamebley/vlm_mia/experiments/runs/cc3m/shared/images/nonmember_0525.jpg	the appearance of a rainbow in the sky
/bighome/dkamebley/vlm_mia/experiments/runs/cc3m/shared/images/nonmember_0526.jpg	little boy learn to write on a blackboard in the kindergarten or the classroom
/bighome/dkamebley/vlm_mia/experiments/runs/cc3m/shared/images/nonmember_0527.jpg	person takes her kids for a very late lunch .
/bighome/dkamebley/vlm_mia/experiments/runs/cc3m/shared/images/nonmember_0528.jpg	roasted biological variety in a bowl
/bighome/dkamebley/vlm_mia/experiments/runs/cc3m/shared/images/nonmember_0529.jpg	a city is the principal cathedral still in use
/bighome/dkamebley/vlm_mia/experiments/runs/cc3m/shared/images/nonmember_0530.jpg	seabirds flying over the sea
/bighome/dkamebley/vlm_mia/experiments/runs/cc3m/shared/images/nonmember_0531.jpg	contest entry # for design
/bighome/dkamebley/vlm_mia/experiments/runs/cc3m/shared/images/nonmember_0532.jpg	transformers celebrate us federal holiday
/bighome/dkamebley/vlm_mia/experiments/runs/cc3m/shared/images/nonmember_0533.jpg	interior of a city bus
/bighome/dkamebley/vlm_mia/experiments/runs/cc3m/shared/images/nonmember_0534.jpg	behind the ears musical notes tiny tattoos for girls
/bighome/dkamebley/vlm_mia/experiments/runs/cc3m/shared/images/nonmember_0535.jpg	dress and jacket modelled at show .
/bighome/dkamebley/vlm_mia/experiments/runs/cc3m/shared/images/nonmember_0536.jpg	painted airplanes add a splash of color to the sky
/bighome/dkamebley/vlm_mia/experiments/runs/cc3m/shared/images/nonmember_0537.jpg	birds sit on a damaged pier .
/bighome/dkamebley/vlm_mia/experiments/runs/cc3m/shared/images/nonmember_0538.jpg	woman running at the beach holding a scarf in slow motion
/bighome/dkamebley/vlm_mia/experiments/runs/cc3m/shared/images/nonmember_0539.jpg	if i did fancy nails ... i 'd do these !
/bighome/dkamebley/vlm_mia/experiments/runs/cc3m/shared/images/nonmember_0540.jpg	the girl 's boyfriend was one of the men being sought , but police said they did not know whether he may have been one of the attackers .
/bighome/dkamebley/vlm_mia/experiments/runs/cc3m/shared/images/nonmember_0541.jpg	grey wolf looking around some birch trees
/bighome/dkamebley/vlm_mia/experiments/runs/cc3m/shared/images/nonmember_0542.jpg	one of the fields bordering person
/bighome/dkamebley/vlm_mia/experiments/runs/cc3m/shared/images/nonmember_0543.jpg	we touch heaven when we lay our hand on the human body .
/bighome/dkamebley/vlm_mia/experiments/runs/cc3m/shared/images/nonmember_0544.jpg	you could cheese it up a bunch for the camera .
/bighome/dkamebley/vlm_mia/experiments/runs/cc3m/shared/images/nonmember_0545.jpg	these look like a great way to start the day !
/bighome/dkamebley/vlm_mia/experiments/runs/cc3m/shared/images/nonmember_0546.jpg	firefighters stand on lanes of the freeway near smoldering hot spots of a large fire that consumed an under - construction apartment building .
/bighome/dkamebley/vlm_mia/experiments/runs/cc3m/shared/images/nonmember_0547.jpg	taken as we were heading up to take a gondola ride .
/bighome/dkamebley/vlm_mia/experiments/runs/cc3m/shared/images/nonmember_0548.jpg	red - backed biological suborder perched on a branch
/bighome/dkamebley/vlm_mia/experiments/runs/cc3m/shared/images/nonmember_0549.jpg	this is a pretty hair style for a dance or something
/bighome/dkamebley/vlm_mia/experiments/runs/cc3m/shared/images/nonmember_0550.jpg	cat laying on the couch
/bighome/dkamebley/vlm_mia/experiments/runs/cc3m/shared/images/nonmember_0551.jpg	a seamless patterned tile of the tartan
/bighome/dkamebley/vlm_mia/experiments/runs/cc3m/shared/images/nonmember_0552.jpg	capacity was at per cent .
/bighome/dkamebley/vlm_mia/experiments/runs/cc3m/shared/images/nonmember_0553.jpg	one of a series of shots showing commercial and bank buildings featuring business
/bighome/dkamebley/vlm_mia/experiments/runs/cc3m/shared/images/nonmember_0554.jpg	boat driving to the island
/bighome/dkamebley/vlm_mia/experiments/runs/cc3m/shared/images/nonmember_0555.jpg	person is seen going to fittings for show .
/bighome/dkamebley/vlm_mia/experiments/runs/cc3m/shared/images/nonmember_0556.jpg	lady in red - picked this slinky number up
/bighome/dkamebley/vlm_mia/experiments/runs/cc3m/shared/images/nonmember_0557.jpg	marines marching next to the monument
/bighome/dkamebley/vlm_mia/experiments/runs/cc3m/shared/images/nonmember_0558.jpg	chicken meat ... minus the bun of course
/bighome/dkamebley/vlm_mia/experiments/runs/cc3m/shared/images/nonmember_0559.jpg	welcome in from the cold .
/bighome/dkamebley/vlm_mia/experiments/runs/cc3m/shared/images/nonmember_0560.jpg	biological species in a tree
/bighome/dkamebley/vlm_mia/experiments/runs/cc3m/shared/images/nonmember_0561.jpg	surgeon operating a patient in a surgical room
/bighome/dkamebley/vlm_mia/experiments/runs/cc3m/shared/images/nonmember_0562.jpg	man lights a match in darkness .
/bighome/dkamebley/vlm_mia/experiments/runs/cc3m/shared/images/nonmember_0563.jpg	award winner sits in his car during the third training session
/bighome/dkamebley/vlm_mia/experiments/runs/cc3m/shared/images/nonmember_0564.jpg	from the late 19th - century , a photo , at the right .
/bighome/dkamebley/vlm_mia/experiments/runs/cc3m/shared/images/nonmember_0565.jpg	flames from a wildfire consume a residence .
/bighome/dkamebley/vlm_mia/experiments/runs/cc3m/shared/images/nonmember_0566.jpg	wall decals that come in different colors .
/bighome/dkamebley/vlm_mia/experiments/runs/cc3m/shared/images/nonmember_0567.jpg	a portrait reminiscent of film character
/bighome/dkamebley/vlm_mia/experiments/runs/cc3m/shared/images/nonmember_0568.jpg	shape animated on the satellite map of the globe
/bighome/dkamebley/vlm_mia/experiments/runs/cc3m/shared/images/nonmember_0569.jpg	painting artist was a painter of the period
/bighome/dkamebley/vlm_mia/experiments/runs/cc3m/shared/images/nonmember_0570.jpg	couple opening a present on morning
/bighome/dkamebley/vlm_mia/experiments/runs/cc3m/shared/images/nonmember_0571.jpg	cricket player is out for a duck off the first ball during the final against cricket team
/bighome/dkamebley/vlm_mia/experiments/runs/cc3m/shared/images/nonmember_0572.jpg	different small metal elements of an old typewriter
/bighome/dkamebley/vlm_mia/experiments/runs/cc3m/shared/images/nonmember_0573.jpg	basketball player goes in for the dunk during the second half of a basketball
/bighome/dkamebley/vlm_mia/experiments/runs/cc3m/shared/images/nonmember_0574.jpg	christmas tree discarded on the street
/bighome/dkamebley/vlm_mia/experiments/runs/cc3m/shared/images/nonmember_0575.jpg	exterior of a modern restaurant with table and chairs
/bighome/dkamebley/vlm_mia/experiments/runs/cc3m/shared/images/nonmember_0576.jpg	magazine covers of the day
/bighome/dkamebley/vlm_mia/experiments/runs/cc3m/shared/images/nonmember_0577.jpg	football player celebrates scoring his side 's first goal of the game during football league
/bighome/dkamebley/vlm_mia/experiments/runs/cc3m/shared/images/nonmember_0578.jpg	cheerful friends hanging out in an apartment .
/bighome/dkamebley/vlm_mia/experiments/runs/cc3m/shared/images/nonmember_0579.jpg	industry , designed by person , a master
/bighome/dkamebley/vlm_mia/experiments/runs/cc3m/shared/images/nonmember_0580.jpg	dancer and theatre actor with the cast in vignette
/bighome/dkamebley/vlm_mia/experiments/runs/cc3m/shared/images/nonmember_0581.jpg	the skull of a juvenile gorilla with its first teeth
/bighome/dkamebley/vlm_mia/experiments/runs/cc3m/shared/images/nonmember_0582.jpg	a barn with a view
/bighome/dkamebley/vlm_mia/experiments/runs/cc3m/shared/images/nonmember_0583.jpg	prepare meals in the fully equipped kitchen .
/bighome/dkamebley/vlm_mia/experiments/runs/cc3m/shared/images/nonmember_0584.jpg	couple having a pillow fight on the sofa
/bighome/dkamebley/vlm_mia/experiments/runs/cc3m/shared/images/nonmember_0585.jpg	photo taken by blues artist
/bighome/dkamebley/vlm_mia/experiments/runs/cc3m/shared/images/nonmember_0586.jpg	the tattoo designs for person , done by person
/bighome/dkamebley/vlm_mia/experiments/runs/cc3m/shared/images/nonmember_0587.jpg	do not let pain and illness build walls .
/bighome/dkamebley/vlm_mia/experiments/runs/cc3m/shared/images/nonmember_0588.jpg	football players vie for the ball during the 2nd football
/bighome/dkamebley/vlm_mia/experiments/runs/cc3m/shared/images/nonmember_0589.jpg	face of the child close up
/bighome/dkamebley/vlm_mia/experiments/runs/cc3m/shared/images/nonmember_0590.jpg	young businesswoman working on laptop in the office
/bighome/dkamebley/vlm_mia/experiments/runs/cc3m/shared/images/nonmember_0591.jpg	replica of a sixties gas station
/bighome/dkamebley/vlm_mia/experiments/runs/cc3m/shared/images/nonmember_0592.jpg	there are always flowers for those who want to see them .
/bighome/dkamebley/vlm_mia/experiments/runs/cc3m/shared/images/nonmember_0593.jpg	side view of biological species standing amongst branches and grass
/bighome/dkamebley/vlm_mia/experiments/runs/cc3m/shared/images/nonmember_0594.jpg	an expedition sets up camp
/bighome/dkamebley/vlm_mia/experiments/runs/cc3m/shared/images/nonmember_0595.jpg	dig the city remarkable trees
/bighome/dkamebley/vlm_mia/experiments/runs/cc3m/shared/images/nonmember_0596.jpg	portrait of a lady by painting artist , 1676
/bighome/dkamebley/vlm_mia/experiments/runs/cc3m/shared/images/nonmember_0597.jpg	in 4k format woman stretching her body on the beach
/bighome/dkamebley/vlm_mia/experiments/runs/cc3m/shared/images/nonmember_0598.jpg	ethnicity and foreigners work to earn money
/bighome/dkamebley/vlm_mia/experiments/runs/cc3m/shared/images/nonmember_0599.jpg	to prep your asparagus , first cut about an inch off the bottom of the stalks .
/bighome/dkamebley/vlm_mia/experiments/runs/cc3m/shared/images/nonmember_0600.jpg	banana bread crumb muffins l !
/bighome/dkamebley/vlm_mia/experiments/runs/cc3m/shared/images/nonmember_0601.jpg	view of nice tropical beach with some palms
/bighome/dkamebley/vlm_mia/experiments/runs/cc3m/shared/images/nonmember_0602.jpg	a poppy field at dusk
/bighome/dkamebley/vlm_mia/experiments/runs/cc3m/shared/images/nonmember_0603.jpg	cultivation of sunflowers in the countryside
/bighome/dkamebley/vlm_mia/experiments/runs/cc3m/shared/images/nonmember_0604.jpg	detail of stain glassed window in july
/bighome/dkamebley/vlm_mia/experiments/runs/cc3m/shared/images/nonmember_0605.jpg	view from a bird 's eye view on a field with stacked bales of wheat
/bighome/dkamebley/vlm_mia/experiments/runs/cc3m/shared/images/nonmember_0606.jpg	slow motion of beautiful girl walking and upping her arms in a wheat field with the sun behind
/bighome/dkamebley/vlm_mia/experiments/runs/cc3m/shared/images/nonmember_0607.jpg	christmas socks hanging in a christmas tree
/bighome/dkamebley/vlm_mia/experiments/runs/cc3m/shared/images/nonmember_0608.jpg	a close up of a domestic cat lying on the grass
/bighome/dkamebley/vlm_mia/experiments/runs/cc3m/shared/images/nonmember_0609.jpg	it 's trees like this that you want to stay away from .
/bighome/dkamebley/vlm_mia/experiments/runs/cc3m/shared/images/nonmember_0610.jpg	horses on a meadow at dusk
/bighome/dkamebley/vlm_mia/experiments/runs/cc3m/shared/images/nonmember_0611.jpg	all white tailored women 's suit for your rehearsal dinner
/bighome/dkamebley/vlm_mia/experiments/runs/cc3m/shared/images/nonmember_0612.jpg	automotive industry business under the skin
/bighome/dkamebley/vlm_mia/experiments/runs/cc3m/shared/images/nonmember_0613.jpg	high angle view of a young man sitting on a couch and using a laptop
/bighome/dkamebley/vlm_mia/experiments/runs/cc3m/shared/images/nonmember_0614.jpg	homes by the architecture and actor and person
/bighome/dkamebley/vlm_mia/experiments/runs/cc3m/shared/images/nonmember_0615.jpg	mural at a pediatric dental office .
/bighome/dkamebley/vlm_mia/experiments/runs/cc3m/shared/images/nonmember_0616.jpg	horses and pony grazing on the spring meadow with melting snow
/bighome/dkamebley/vlm_mia/experiments/runs/cc3m/shared/images/nonmember_0617.jpg	it looks like builder is relaxing at a campfire .
/bighome/dkamebley/vlm_mia/experiments/runs/cc3m/shared/images/nonmember_0618.jpg	part of a car garage .
/bighome/dkamebley/vlm_mia/experiments/runs/cc3m/shared/images/nonmember_0619.jpg	cartoon of the day : september
/bighome/dkamebley/vlm_mia/experiments/runs/cc3m/shared/images/nonmember_0620.jpg	leopard dragging its kill in the desert
/bighome/dkamebley/vlm_mia/experiments/runs/cc3m/shared/images/nonmember_0621.jpg	grunge rubber stamp with text all inclusive inside vector
/bighome/dkamebley/vlm_mia/experiments/runs/cc3m/shared/images/nonmember_0622.jpg	love the idea of drapery even though there 's no windows .
/bighome/dkamebley/vlm_mia/experiments/runs/cc3m/shared/images/nonmember_0623.jpg	tree and hammock on the beach
/bighome/dkamebley/vlm_mia/experiments/runs/cc3m/shared/images/nonmember_0624.jpg	tourist attraction reflected in the lake
/bighome/dkamebley/vlm_mia/experiments/runs/cc3m/shared/images/nonmember_0625.jpg	a baby 's face reflected in a mirror
/bighome/dkamebley/vlm_mia/experiments/runs/cc3m/shared/images/nonmember_0626.jpg	a fashion look featuring pumps , flats and person pumps .
/bighome/dkamebley/vlm_mia/experiments/runs/cc3m/shared/images/nonmember_0627.jpg	football player running with the ball and throws it to the side .
/bighome/dkamebley/vlm_mia/experiments/runs/cc3m/shared/images/nonmember_0628.jpg	the lock and wedding rings isolated on white
/bighome/dkamebley/vlm_mia/experiments/runs/cc3m/shared/images/nonmember_0629.jpg	olympic athlete after finishing the dressage is surrounded by her boyfriend
/bighome/dkamebley/vlm_mia/experiments/runs/cc3m/shared/images/nonmember_0630.jpg	young man taking a slice of pizza in a restaurant
/bighome/dkamebley/vlm_mia/experiments/runs/cc3m/shared/images/nonmember_0631.jpg	the massive walls of the castle in italian comune .
/bighome/dkamebley/vlm_mia/experiments/runs/cc3m/shared/images/nonmember_0632.jpg	little girl in the woods
/bighome/dkamebley/vlm_mia/experiments/runs/cc3m/shared/images/nonmember_0633.jpg	so much movement in this midi skirt .
/bighome/dkamebley/vlm_mia/experiments/runs/cc3m/shared/images/nonmember_0634.jpg	these headphones promise to immerse ourselves in 3d sounds to feel the virtual reality
/bighome/dkamebley/vlm_mia/experiments/runs/cc3m/shared/images/nonmember_0635.jpg	how to draw a castle : step by step
/bighome/dkamebley/vlm_mia/experiments/runs/cc3m/shared/images/nonmember_0636.jpg	film character with a bell .
/bighome/dkamebley/vlm_mia/experiments/runs/cc3m/shared/images/nonmember_0637.jpg	a forest in a heavy fog
/bighome/dkamebley/vlm_mia/experiments/runs/cc3m/shared/images/nonmember_0638.jpg	a moving aerial view over the dock , harbor and inland waterway
/bighome/dkamebley/vlm_mia/experiments/runs/cc3m/shared/images/nonmember_0639.jpg	what it 's like flying with a toddler on an airplane
/bighome/dkamebley/vlm_mia/experiments/runs/cc3m/shared/images/nonmember_0640.jpg	views of festival and crowds , during festival
/bighome/dkamebley/vlm_mia/experiments/runs/cc3m/shared/images/nonmember_0641.jpg	palms on a tropical beach
/bighome/dkamebley/vlm_mia/experiments/runs/cc3m/shared/images/nonmember_0642.jpg	a car in the process of being restored and repainted
/bighome/dkamebley/vlm_mia/experiments/runs/cc3m/shared/images/nonmember_0643.jpg	sometimes it 's those simple defining pieces that make you different .
/bighome/dkamebley/vlm_mia/experiments/runs/cc3m/shared/images/nonmember_0644.jpg	push in view of an assortment of cheese
/bighome/dkamebley/vlm_mia/experiments/runs/cc3m/shared/images/nonmember_0645.jpg	man goes through a wheat field and heads to a road traveled by cars
/bighome/dkamebley/vlm_mia/experiments/runs/cc3m/shared/images/nonmember_0646.jpg	crowds of tourists gather outside tourist attraction
/bighome/dkamebley/vlm_mia/experiments/runs/cc3m/shared/images/nonmember_0647.jpg	turns your bedroom into a magical landscape by projecting a beautiful and colorful rainbow across the walls .
/bighome/dkamebley/vlm_mia/experiments/runs/cc3m/shared/images/nonmember_0648.jpg	person with a mobile in hand and a laptop behind free photo
/bighome/dkamebley/vlm_mia/experiments/runs/cc3m/shared/images/nonmember_0649.jpg	a young man swims in the pool under the water
/bighome/dkamebley/vlm_mia/experiments/runs/cc3m/shared/images/nonmember_0650.jpg	red squirrel on the side of a tree trunk , close up
/bighome/dkamebley/vlm_mia/experiments/runs/cc3m/shared/images/nonmember_0651.jpg	boat in the sea full hd
/bighome/dkamebley/vlm_mia/experiments/runs/cc3m/shared/images/nonmember_0652.jpg	engineer or architect conducting an inspection on construction site
/bighome/dkamebley/vlm_mia/experiments/runs/cc3m/shared/images/nonmember_0653.jpg	chairs under the palm trees on paradise beach at tropical resort .
/bighome/dkamebley/vlm_mia/experiments/runs/cc3m/shared/images/nonmember_0654.jpg	aerial view of sculpture on a summer spring day at sunset .
/bighome/dkamebley/vlm_mia/experiments/runs/cc3m/shared/images/nonmember_0655.jpg	i do love looking at biological species .
/bighome/dkamebley/vlm_mia/experiments/runs/cc3m/shared/images/nonmember_0656.jpg	businessman read and sign a contract with noble pen
/bighome/dkamebley/vlm_mia/experiments/runs/cc3m/shared/images/nonmember_0657.jpg	the public house , the oldest
/bighome/dkamebley/vlm_mia/experiments/runs/cc3m/shared/images/nonmember_0658.jpg	the front of this keychain says all women were created equal and on the back : then some learn martial art .
/bighome/dkamebley/vlm_mia/experiments/runs/cc3m/shared/images/nonmember_0659.jpg	passengers board a domestic flight
/bighome/dkamebley/vlm_mia/experiments/runs/cc3m/shared/images/nonmember_0660.jpg	person wore a wedding gown .
/bighome/dkamebley/vlm_mia/experiments/runs/cc3m/shared/images/nonmember_0661.jpg	view of the suburbs as plane approaches airport , casting a shadow on the ground
/bighome/dkamebley/vlm_mia/experiments/runs/cc3m/shared/images/nonmember_0662.jpg	tractor working on the filed
/bighome/dkamebley/vlm_mia/experiments/runs/cc3m/shared/images/nonmember_0663.jpg	person are enjoying the bike because he is exercise and i know he is very healthy beautiful man .
/bighome/dkamebley/vlm_mia/experiments/runs/cc3m/shared/images/nonmember_0664.jpg	happy toilet seat in a hotel
/bighome/dkamebley/vlm_mia/experiments/runs/cc3m/shared/images/nonmember_0665.jpg	knife on a white background
/bighome/dkamebley/vlm_mia/experiments/runs/cc3m/shared/images/nonmember_0666.jpg	v as victory out of the dark
/bighome/dkamebley/vlm_mia/experiments/runs/cc3m/shared/images/nonmember_0667.jpg	set of brushes to create the patterns .
/bighome/dkamebley/vlm_mia/experiments/runs/cc3m/shared/images/nonmember_0668.jpg	your guide to planning and buying a modular kitchen
/bighome/dkamebley/vlm_mia/experiments/runs/cc3m/shared/images/nonmember_0669.jpg	a wet walk from the car park to the entrance !
/bighome/dkamebley/vlm_mia/experiments/runs/cc3m/shared/images/nonmember_0670.jpg	a small village with houses and cottages
/bighome/dkamebley/vlm_mia/experiments/runs/cc3m/shared/images/nonmember_0671.jpg	bottles cl with the famous handmade labels
/bighome/dkamebley/vlm_mia/experiments/runs/cc3m/shared/images/nonmember_0672.jpg	an aerial map showing the important monuments and the date
/bighome/dkamebley/vlm_mia/experiments/runs/cc3m/shared/images/nonmember_0673.jpg	colorful summer landscape with blooming meadow and fluffy clouds in the sky
/bighome/dkamebley/vlm_mia/experiments/runs/cc3m/shared/images/nonmember_0674.jpg	woman resting in a hammock
/bighome/dkamebley/vlm_mia/experiments/runs/cc3m/shared/images/nonmember_0675.jpg	homeless man huddled under awning in wet street outside theater
/bighome/dkamebley/vlm_mia/experiments/runs/cc3m/shared/images/nonmember_0676.jpg	basic long sleeve top coupled with a neutral paneled skirt and a burnt orange bag and flats .
/bighome/dkamebley/vlm_mia/experiments/runs/cc3m/shared/images/nonmember_0677.jpg	actor in publicity portrait , looking fabulous in a black dress .
/bighome/dkamebley/vlm_mia/experiments/runs/cc3m/shared/images/nonmember_0678.jpg	is a charming city to visit during a cruise .
/bighome/dkamebley/vlm_mia/experiments/runs/cc3m/shared/images/nonmember_0679.jpg	the table is set for a leisurely breakfast .
/bighome/dkamebley/vlm_mia/experiments/runs/cc3m/shared/images/nonmember_0680.jpg	wear this with short or long sleeves underneath
/bighome/dkamebley/vlm_mia/experiments/runs/cc3m/shared/images/nonmember_0681.jpg	the girl with the red hat , and fur
/bighome/dkamebley/vlm_mia/experiments/runs/cc3m/shared/images/nonmember_0682.jpg	the train first takes steel to the harbor and comes back with food that is loaded onto trucks .
/bighome/dkamebley/vlm_mia/experiments/runs/cc3m/shared/images/nonmember_0683.jpg	crew of 16 in ship parading for inspection is readily apparent .
/bighome/dkamebley/vlm_mia/experiments/runs/cc3m/shared/images/nonmember_0684.jpg	mountain scenery with an old farmhouse and a stable in a sunny day
/bighome/dkamebley/vlm_mia/experiments/runs/cc3m/shared/images/nonmember_0685.jpg	stack of antique books on a shelf
/bighome/dkamebley/vlm_mia/experiments/runs/cc3m/shared/images/nonmember_0686.jpg	living room : access to the private terrace
/bighome/dkamebley/vlm_mia/experiments/runs/cc3m/shared/images/nonmember_0687.jpg	animal kingdom winner , on the day he was born
/bighome/dkamebley/vlm_mia/experiments/runs/cc3m/shared/images/nonmember_0688.jpg	the crowd to see pop artist
/bighome/dkamebley/vlm_mia/experiments/runs/cc3m/shared/images/nonmember_0689.jpg	the car of my future .
/bighome/dkamebley/vlm_mia/experiments/runs/cc3m/shared/images/nonmember_0690.jpg	a traditional red telephone box on a street in a village
/bighome/dkamebley/vlm_mia/experiments/runs/cc3m/shared/images/nonmember_0691.jpg	american football team running back american football player carries the ball during a football game
/bighome/dkamebley/vlm_mia/experiments/runs/cc3m/shared/images/nonmember_0692.jpg	grass swaying on the lake with summer sunset
/bighome/dkamebley/vlm_mia/experiments/runs/cc3m/shared/images/nonmember_0693.jpg	the young surprised man with his laptop computer
/bighome/dkamebley/vlm_mia/experiments/runs/cc3m/shared/images/nonmember_0694.jpg	a house is on the market .
/bighome/dkamebley/vlm_mia/experiments/runs/cc3m/shared/images/nonmember_0695.jpg	this is an eye - catching industrial space .
/bighome/dkamebley/vlm_mia/experiments/runs/cc3m/shared/images/nonmember_0696.jpg	rustic wooden barn sits inside a wooden paddock .
/bighome/dkamebley/vlm_mia/experiments/runs/cc3m/shared/images/nonmember_0697.jpg	abstract soccer ball painted in the colors of the islands flag
/bighome/dkamebley/vlm_mia/experiments/runs/cc3m/shared/images/nonmember_0698.jpg	girl washing hands at a communal water tap in rural village .
/bighome/dkamebley/vlm_mia/experiments/runs/cc3m/shared/images/nonmember_0699.jpg	man is using a tablet computer next to a horse in a stable .
/bighome/dkamebley/vlm_mia/experiments/runs/cc3m/shared/images/nonmember_0700.jpg	i keep my eyes on this leather bag .
/bighome/dkamebley/vlm_mia/experiments/runs/cc3m/shared/images/nonmember_0701.jpg	thatched hut and umbrellas scattered on a beach resort .
/bighome/dkamebley/vlm_mia/experiments/runs/cc3m/shared/images/nonmember_0702.jpg	concept of speed - flag with a trail of fire and us state
/bighome/dkamebley/vlm_mia/experiments/runs/cc3m/shared/images/nonmember_0703.jpg	red and gold christmas decorations in cocktail glass against a black background
/bighome/dkamebley/vlm_mia/experiments/runs/cc3m/shared/images/nonmember_0704.jpg	young afro man talking on the mobile phone while walking at the beach
/bighome/dkamebley/vlm_mia/experiments/runs/cc3m/shared/images/nonmember_0705.jpg	this was a monkey birthday cake i did .
/bighome/dkamebley/vlm_mia/experiments/runs/cc3m/shared/images/nonmember_0706.jpg	a young girl rides a bike on a country lane
/bighome/dkamebley/vlm_mia/experiments/runs/cc3m/shared/images/nonmember_0707.jpg	the br fits well on the wrist .
/bighome/dkamebley/vlm_mia/experiments/runs/cc3m/shared/images/nonmember_0708.jpg	a city : i 've stayed here twice .
/bighome/dkamebley/vlm_mia/experiments/runs/cc3m/shared/images/nonmember_0709.jpg	scooter at a traffic light
/bighome/dkamebley/vlm_mia/experiments/runs/cc3m/shared/images/nonmember_0710.jpg	peppermint sticks in silver for a tea party
/bighome/dkamebley/vlm_mia/experiments/runs/cc3m/shared/images/nonmember_0711.jpg	boat attached to fun buoy in the harbour in april
/bighome/dkamebley/vlm_mia/experiments/runs/cc3m/shared/images/nonmember_0712.jpg	general view from the hill
/bighome/dkamebley/vlm_mia/experiments/runs/cc3m/shared/images/nonmember_0713.jpg	homeless people on the main shopping streets
/bighome/dkamebley/vlm_mia/experiments/runs/cc3m/shared/images/nonmember_0714.jpg	person has been working on fashion week and starting her career as a model
/bighome/dkamebley/vlm_mia/experiments/runs/cc3m/shared/images/nonmember_0715.jpg	red as a flickr - photo sharing !
/bighome/dkamebley/vlm_mia/experiments/runs/cc3m/shared/images/nonmember_0716.jpg	the house and front yard .
/bighome/dkamebley/vlm_mia/experiments/runs/cc3m/shared/images/nonmember_0717.jpg	behind the scenes of one of formal photographs , ca .
/bighome/dkamebley/vlm_mia/experiments/runs/cc3m/shared/images/nonmember_0718.jpg	brand pretty even when she 's sweating over a hot stove
/bighome/dkamebley/vlm_mia/experiments/runs/cc3m/shared/images/nonmember_0719.jpg	balloons and ribbon lined the ceiling above the dance floor .
/bighome/dkamebley/vlm_mia/experiments/runs/cc3m/shared/images/nonmember_0720.jpg	close up of woman running through an autumn park at sunset .
/bighome/dkamebley/vlm_mia/experiments/runs/cc3m/shared/images/nonmember_0721.jpg	a city in the snow .
/bighome/dkamebley/vlm_mia/experiments/runs/cc3m/shared/images/nonmember_0722.jpg	the sun may not always shine but the people do .
/bighome/dkamebley/vlm_mia/experiments/runs/cc3m/shared/images/nonmember_0723.jpg	flames coming from the roof of a structure and surrounding the chimney
/bighome/dkamebley/vlm_mia/experiments/runs/cc3m/shared/images/nonmember_0724.jpg	the bride and groom look at each other
/bighome/dkamebley/vlm_mia/experiments/runs/cc3m/shared/images/nonmember_0725.jpg	normally $55 , this hoodie is percent off today
/bighome/dkamebley/vlm_mia/experiments/runs/cc3m/shared/images/nonmember_0726.jpg	the crowd was relatively sparse this labor day monday .
/bighome/dkamebley/vlm_mia/experiments/runs/cc3m/shared/images/nonmember_0727.jpg	at a press event at show
/bighome/dkamebley/vlm_mia/experiments/runs/cc3m/shared/images/nonmember_0728.jpg	hands grabbing money from a desk
/bighome/dkamebley/vlm_mia/experiments/runs/cc3m/shared/images/nonmember_0729.jpg	picture of tables and benches within the large dining space
/bighome/dkamebley/vlm_mia/experiments/runs/cc3m/shared/images/nonmember_0730.jpg	person has been found with her front paws cut off by a trap .
/bighome/dkamebley/vlm_mia/experiments/runs/cc3m/shared/images/nonmember_0731.jpg	the way and road on the border
/bighome/dkamebley/vlm_mia/experiments/runs/cc3m/shared/images/nonmember_0732.jpg	actor looks good in a suit
/bighome/dkamebley/vlm_mia/experiments/runs/cc3m/shared/images/nonmember_0733.jpg	dogs looking out of a window
/bighome/dkamebley/vlm_mia/experiments/runs/cc3m/shared/images/nonmember_0734.jpg	humpback whales painted on the side of a building
/bighome/dkamebley/vlm_mia/experiments/runs/cc3m/shared/images/nonmember_0735.jpg	broken glass bottle on the beach
/bighome/dkamebley/vlm_mia/experiments/runs/cc3m/shared/images/nonmember_0736.jpg	portrait of a grey british cat isolated on white background
/bighome/dkamebley/vlm_mia/experiments/runs/cc3m/shared/images/nonmember_0737.jpg	these takraw ball on bowl
/bighome/dkamebley/vlm_mia/experiments/runs/cc3m/shared/images/nonmember_0738.jpg	my trusty first road bike - cycled 8000km on this bike in yrs
/bighome/dkamebley/vlm_mia/experiments/runs/cc3m/shared/images/nonmember_0739.jpg	person playing the harp , painting by person
/bighome/dkamebley/vlm_mia/experiments/runs/cc3m/shared/images/nonmember_0740.jpg	ferns growing beside a country house
/bighome/dkamebley/vlm_mia/experiments/runs/cc3m/shared/images/nonmember_0741.jpg	person holds the mausoleum of first president .
/bighome/dkamebley/vlm_mia/experiments/runs/cc3m/shared/images/nonmember_0742.jpg	cars driving along a country road in the woods on a summer day .
/bighome/dkamebley/vlm_mia/experiments/runs/cc3m/shared/images/nonmember_0743.jpg	a single row of pretty tiles lines the perimeter of this white kitchen , which is accented with rustic wood , colourful accessories and linens .
/bighome/dkamebley/vlm_mia/experiments/runs/cc3m/shared/images/nonmember_0744.jpg	river on a frosty morning
/bighome/dkamebley/vlm_mia/experiments/runs/cc3m/shared/images/nonmember_0745.jpg	squirrel hanging on a tree
/bighome/dkamebley/vlm_mia/experiments/runs/cc3m/shared/images/nonmember_0746.jpg	lion at the chinese temple .
/bighome/dkamebley/vlm_mia/experiments/runs/cc3m/shared/images/nonmember_0747.jpg	man cutting grass with a lawn mower
/bighome/dkamebley/vlm_mia/experiments/runs/cc3m/shared/images/nonmember_0748.jpg	grab a seat at the table .
/bighome/dkamebley/vlm_mia/experiments/runs/cc3m/shared/images/nonmember_0749.jpg	actors at the premiere of comedy film
/bighome/dkamebley/vlm_mia/experiments/runs/cc3m/shared/images/nonmember_0750.jpg	i simply had to find a way to teach students how to get it right from the beginning
/bighome/dkamebley/vlm_mia/experiments/runs/cc3m/shared/images/nonmember_0751.jpg	how country is taking on the world in space
/bighome/dkamebley/vlm_mia/experiments/runs/cc3m/shared/images/nonmember_0752.jpg	oh area decorative concrete front porch resurfacing contact us for a quote at your
/bighome/dkamebley/vlm_mia/experiments/runs/cc3m/shared/images/nonmember_0753.jpg	a good way to attract owls to your yard is with water ... but maybe not this much .
/bighome/dkamebley/vlm_mia/experiments/runs/cc3m/shared/images/nonmember_0754.jpg	a marquee outside art gallery is filled with market stalls selling arts , crafts and souvenirs
/bighome/dkamebley/vlm_mia/experiments/runs/cc3m/shared/images/nonmember_0755.jpg	a soaking tub is the centerpiece of the master bathroom
/bighome/dkamebley/vlm_mia/experiments/runs/cc3m/shared/images/nonmember_0756.jpg	white rabbits fattening in a wire cage .
/bighome/dkamebley/vlm_mia/experiments/runs/cc3m/shared/images/nonmember_0757.jpg	i like the overall style and layout of this as well as the fonts and its simplicity .
/bighome/dkamebley/vlm_mia/experiments/runs/cc3m/shared/images/nonmember_0758.jpg	greetings cards for birthday - i 'm glad you are a part of my life .
/bighome/dkamebley/vlm_mia/experiments/runs/cc3m/shared/images/nonmember_0759.jpg	truck on the road with sunset in the background .
/bighome/dkamebley/vlm_mia/experiments/runs/cc3m/shared/images/nonmember_0760.jpg	sandy beach on a tropical island .
/bighome/dkamebley/vlm_mia/experiments/runs/cc3m/shared/images/nonmember_0761.jpg	biological species running on a meadow , while carrying a walnut .
/bighome/dkamebley/vlm_mia/experiments/runs/cc3m/shared/images/nonmember_0762.jpg	penguins on the walk in zoo
/bighome/dkamebley/vlm_mia/experiments/runs/cc3m/shared/images/nonmember_0763.jpg	family outing by the sea
/bighome/dkamebley/vlm_mia/experiments/runs/cc3m/shared/images/nonmember_0764.jpg	grunge rubber stamp with flag , map and the word country written inside , vector illustration vector
/bighome/dkamebley/vlm_mia/experiments/runs/cc3m/shared/images/nonmember_0765.jpg	a view of bank notes and coins of the currency meant for payment
/bighome/dkamebley/vlm_mia/experiments/runs/cc3m/shared/images/nonmember_0766.jpg	time - lapse , villages in the mountains .
/bighome/dkamebley/vlm_mia/experiments/runs/cc3m/shared/images/nonmember_0767.jpg	welcome message in the sand
/bighome/dkamebley/vlm_mia/experiments/runs/cc3m/shared/images/nonmember_0768.jpg	person , a sea going yacht with classic lines
/bighome/dkamebley/vlm_mia/experiments/runs/cc3m/shared/images/nonmember_0769.jpg	large dog on the background of the cells shelter for homeless animals
/bighome/dkamebley/vlm_mia/experiments/runs/cc3m/shared/images/nonmember_0770.jpg	person tries to keep the ball out of the goal during their game .
/bighome/dkamebley/vlm_mia/experiments/runs/cc3m/shared/images/nonmember_0771.jpg	for designs that endure , go with white .
/bighome/dkamebley/vlm_mia/experiments/runs/cc3m/shared/images/nonmember_0772.jpg	chess revolve around the world - 3d
/bighome/dkamebley/vlm_mia/experiments/runs/cc3m/shared/images/nonmember_0773.jpg	painted linen and painted kitchen cabinets in the door style
/bighome/dkamebley/vlm_mia/experiments/runs/cc3m/shared/images/nonmember_0774.jpg	branded cups and sandwich in a store .
/bighome/dkamebley/vlm_mia/experiments/runs/cc3m/shared/images/nonmember_0775.jpg	image of a mixed media painting on board
/bighome/dkamebley/vlm_mia/experiments/runs/cc3m/shared/images/nonmember_0776.jpg	young teenagers girl and boy inflating the tyre of her bicycle
/bighome/dkamebley/vlm_mia/experiments/runs/cc3m/shared/images/nonmember_0777.jpg	person strikes a pose during a competition .
/bighome/dkamebley/vlm_mia/experiments/runs/cc3m/shared/images/nonmember_0778.jpg	person , multi colored stamps of fronds , could do leaves for more of a vibe .
/bighome/dkamebley/vlm_mia/experiments/runs/cc3m/shared/images/nonmember_0779.jpg	biological species in the snow
/bighome/dkamebley/vlm_mia/experiments/runs/cc3m/shared/images/nonmember_0780.jpg	covered in a playful bird and branch fabric this accent chair is
/bighome/dkamebley/vlm_mia/experiments/runs/cc3m/shared/images/nonmember_0781.jpg	soldiers and officers take part in a mission in the district
/bighome/dkamebley/vlm_mia/experiments/runs/cc3m/shared/images/nonmember_0782.jpg	farmer plowing with bulls and wooden plough at agricultural show
/bighome/dkamebley/vlm_mia/experiments/runs/cc3m/shared/images/nonmember_0783.jpg	birthday of the little girl she blows out candles on cake .
/bighome/dkamebley/vlm_mia/experiments/runs/cc3m/shared/images/nonmember_0784.jpg	person are playing in a polluted water logged street
/bighome/dkamebley/vlm_mia/experiments/runs/cc3m/shared/images/nonmember_0785.jpg	sun setting over the city
/bighome/dkamebley/vlm_mia/experiments/runs/cc3m/shared/images/nonmember_0786.jpg	love the sky on the ceiling , boys room
/bighome/dkamebley/vlm_mia/experiments/runs/cc3m/shared/images/nonmember_0787.jpg	wine glass at a vineyard
/bighome/dkamebley/vlm_mia/experiments/runs/cc3m/shared/images/nonmember_0788.jpg	this is what happens when your principal decides it 's better to let you paint the walls then drive him up them .
/bighome/dkamebley/vlm_mia/experiments/runs/cc3m/shared/images/nonmember_0789.jpg	horse grazing on a summer meadow in the forest outdoors
/bighome/dkamebley/vlm_mia/experiments/runs/cc3m/shared/images/nonmember_0790.jpg	our favorite street style looks from outside the shows over the weekend .
/bighome/dkamebley/vlm_mia/experiments/runs/cc3m/shared/images/nonmember_0791.jpg	how to draw a step by step easy for beginners
/bighome/dkamebley/vlm_mia/experiments/runs/cc3m/shared/images/nonmember_0792.jpg	specifically designed for those looking for comfort and a luxurious down alternative feel
/bighome/dkamebley/vlm_mia/experiments/runs/cc3m/shared/images/nonmember_0793.jpg	a young woman sells hat used by farmers in a street
/bighome/dkamebley/vlm_mia/experiments/runs/cc3m/shared/images/nonmember_0794.jpg	firefighters , assigned , exit a mock shell of an aircraft
/bighome/dkamebley/vlm_mia/experiments/runs/cc3m/shared/images/nonmember_0795.jpg	skyline with buildings in the background and several fishing boats stationed in the bay
/bighome/dkamebley/vlm_mia/experiments/runs/cc3m/shared/images/nonmember_0796.jpg	zoom in of in - shell walnuts on white background .
/bighome/dkamebley/vlm_mia/experiments/runs/cc3m/shared/images/nonmember_0797.jpg	biological species on the waterway
/bighome/dkamebley/vlm_mia/experiments/runs/cc3m/shared/images/nonmember_0798.jpg	a program is displayed with a flag .
/bighome/dkamebley/vlm_mia/experiments/runs/cc3m/shared/images/nonmember_0799.jpg	the beautiful town in us virgin islands
